applicant_id,site,female,age,education_years,employed_baseline,earnings_baseline,offered_training,employed_6m,earnings_6m,session_date,session_number,session_type,training_center,hours_attended,program_participant
JB000001,A,0,47,16,0,0,1,1,2869,2026-03-23,1,Orientation,North Center,4,1
JB000001,A,0,47,16,0,0,1,1,2869,2026-04-21,2,Skills workshop,North Center,6,1
JB000001,A,0,47,16,0,0,1,1,2869,2026-05-24,3,Job placement,North Center,6,1
JB000002,A,1,39,14,1,1849,1,1,2379,2026-03-12,1,Orientation,North Center,4,1
JB000003,A,1,24,9,1,952,0,1,1109,,,,,,0
JB000004,A,1,48,12,1,2245,0,1,2117,,,,,,0
JB000005,A,0,46,9,0,0,1,0,0,2026-03-07,1,Orientation,North Center,4,1
JB000006,A,0,42,12,1,1852,0,0,0,,,,,,0
JB000007,A,1,48,15,1,2696,1,0,0,2026-03-22,1,Orientation,North Center,4,1
JB000008,A,1,46,15,0,0,1,1,3336,2026-03-14,1,Orientation,North Center,4,1
JB000008,A,1,46,15,0,0,1,1,3336,2026-04-23,2,Skills workshop,North Center,6,1
JB000008,A,1,46,15,0,0,1,1,3336,2026-05-16,3,Job placement,North Center,6,1
JB000009,A,1,36,17,1,2578,1,1,2546,2026-03-17,1,Orientation,North Center,4,1
JB000009,A,1,36,17,1,2578,1,1,2546,2026-04-19,2,Skills workshop,North Center,6,1
JB000010,A,1,23,10,0,0,1,0,0,2026-03-19,1,Orientation,North Center,4,1
JB000010,A,1,23,10,0,0,1,0,0,2026-04-16,2,Skills workshop,North Center,6,1
JB000011,A,1,28,9,1,873,1,1,1509,,,,,,0
JB000012,A,1,36,17,1,2092,1,1,3212,2026-03-03,1,Orientation,North Center,4,1
JB000013,A,0,23,17,1,1919,0,1,2740,,,,,,0
JB000014,A,1,51,14,0,0,0,1,2587,,,,,,0
JB000015,A,1,50,17,1,2524,0,1,3165,,,,,,0
JB000016,A,1,23,17,1,2543,1,1,2362,2026-03-05,1,Orientation,North Center,4,1
JB000017,A,1,19,17,0,0,0,0,0,,,,,,0
JB000018,A,1,20,17,1,2400,1,1,3040,2026-03-14,1,Orientation,North Center,4,1
JB000019,A,0,31,13,0,0,0,1,2675,,,,,,0
JB000020,A,0,44,15,1,2550,0,0,0,,,,,,0
JB000021,A,1,46,16,0,0,0,1,2862,,,,,,0
JB000022,A,0,36,17,0,0,0,0,0,,,,,,0
JB000023,A,1,32,9,1,1377,1,0,0,2026-03-19,1,Orientation,North Center,4,1
JB000024,A,0,24,10,0,0,1,1,1971,2026-03-04,1,Orientation,North Center,4,1
JB000025,A,0,24,11,0,0,0,1,2326,,,,,,0
JB000026,A,0,51,15,0,0,1,1,2939,2026-03-09,1,Orientation,North Center,4,1
JB000027,A,0,29,11,1,1490,0,1,1795,,,,,,0
JB000028,A,1,26,15,0,0,1,0,0,2026-03-23,1,Orientation,North Center,4,1
JB000029,A,0,19,14,1,1370,0,0,0,,,,,,0
JB000030,A,1,45,15,0,0,1,1,3458,2026-03-12,1,Orientation,North Center,4,1
JB000031,A,1,20,18,0,0,1,0,0,2026-03-11,1,Orientation,North Center,4,1
JB000032,A,0,42,12,0,0,0,1,2628,,,,,,0
JB000033,A,0,53,15,1,1915,0,0,0,,,,,,0
JB000034,A,0,31,11,1,1890,0,0,0,,,,,,0
JB000035,A,0,22,15,0,0,0,1,2509,,,,,,0
JB000036,A,0,50,15,0,0,0,1,3499,,,,,,0
JB000037,A,0,40,13,0,0,1,1,2672,2026-03-05,1,Orientation,North Center,4,1
JB000037,A,0,40,13,0,0,1,1,2672,2026-04-22,2,Skills workshop,North Center,6,1
JB000038,A,1,39,13,1,2286,1,1,2124,2026-03-06,1,Orientation,North Center,4,1
JB000039,A,0,45,16,0,0,0,1,2720,,,,,,0
JB000040,A,1,48,9,1,1591,0,0,0,,,,,,0
JB000041,A,1,22,17,1,2572,0,1,2731,,,,,,0
JB000042,A,0,41,13,0,0,0,0,0,,,,,,0
JB000043,A,0,23,15,1,1604,1,0,0,2026-03-16,1,Orientation,North Center,4,1
JB000043,A,0,23,15,1,1604,1,0,0,2026-04-04,2,Skills workshop,North Center,6,1
JB000044,A,0,20,10,0,0,1,1,1790,2026-03-11,1,Orientation,North Center,4,1
JB000045,A,1,49,9,1,1512,0,1,1539,,,,,,0
JB000046,A,0,43,12,1,1755,1,1,2305,,,,,,0
JB000047,A,0,53,13,0,0,1,0,0,2026-03-19,1,Orientation,North Center,4,1
JB000048,A,1,22,12,0,0,0,1,2272,,,,,,0
JB000049,A,0,30,15,0,0,0,1,2650,,,,,,0
JB000050,A,1,22,10,1,878,0,1,1546,,,,,,0
JB000051,A,0,44,11,0,0,0,1,2087,,,,,,0
JB000052,A,1,53,16,1,2954,1,1,3629,2026-03-15,1,Orientation,North Center,4,1
JB000053,A,1,20,17,0,0,1,0,0,2026-03-19,1,Orientation,North Center,4,1
JB000054,A,0,46,14,0,0,1,0,0,2026-03-19,1,Orientation,North Center,4,1
JB000054,A,0,46,14,0,0,1,0,0,2026-04-19,2,Skills workshop,North Center,6,1
JB000055,A,1,32,12,0,0,1,1,2217,2026-03-05,1,Orientation,North Center,4,1
JB000056,A,0,55,18,0,0,0,1,2997,,,,,,0
JB000057,A,0,29,11,1,1964,0,1,2487,,,,,,0
JB000058,A,1,52,17,0,0,0,1,2830,,,,,,0
JB000059,A,0,52,14,1,2322,1,1,3070,,,,,,0
JB000060,A,1,34,12,1,1328,1,1,2197,2026-03-22,1,Orientation,North Center,4,1
JB000061,A,0,39,11,0,0,1,1,2147,2026-03-13,1,Orientation,North Center,4,1
JB000061,A,0,39,11,0,0,1,1,2147,2026-04-18,2,Skills workshop,North Center,6,1
JB000062,A,0,39,15,0,0,1,1,3046,2026-03-05,1,Orientation,North Center,4,1
JB000063,A,1,48,18,1,2708,0,1,3665,,,,,,0
JB000064,A,0,31,9,1,1598,0,1,2177,,,,,,0
JB000065,A,1,21,11,1,1848,0,1,2343,,,,,,0
JB000066,A,0,24,12,1,1742,0,1,1674,,,,,,0
JB000067,A,1,47,11,0,0,1,1,2724,2026-03-21,1,Orientation,North Center,4,1
JB000068,A,0,20,17,0,0,0,1,3017,,,,,,0
JB000069,A,1,19,11,0,0,0,0,0,,,,,,0
JB000070,A,1,50,11,1,1963,1,1,2449,2026-03-07,1,Orientation,North Center,4,1
JB000071,A,0,38,9,0,0,1,0,0,2026-03-08,1,Orientation,North Center,4,1
JB000072,A,1,46,14,0,0,0,1,2434,,,,,,0
JB000073,A,0,49,9,0,0,1,1,2408,2026-03-23,1,Orientation,North Center,4,1
JB000074,A,0,49,14,0,0,1,1,2747,2026-03-15,1,Orientation,North Center,4,1
JB000074,A,0,49,14,0,0,1,1,2747,2026-04-05,2,Skills workshop,North Center,6,1
JB000074,A,0,49,14,0,0,1,1,2747,2026-05-13,3,Job placement,North Center,6,1
JB000075,A,0,33,9,1,1383,0,1,1584,,,,,,0
JB000076,A,0,36,14,1,2317,1,1,2443,2026-03-16,1,Orientation,North Center,4,1
JB000077,A,1,54,16,0,0,0,0,0,,,,,,0
JB000078,A,0,30,11,0,0,1,0,0,2026-03-23,1,Orientation,North Center,4,1
JB000079,A,0,46,14,1,1846,1,1,2441,2026-03-15,1,Orientation,North Center,4,1
JB000080,A,0,51,18,0,0,1,0,0,2026-03-10,1,Orientation,North Center,4,1
JB000081,A,1,20,11,0,0,1,1,2336,2026-03-13,1,Orientation,North Center,4,1
JB000082,A,0,21,13,1,1685,1,0,0,2026-03-05,1,Orientation,North Center,4,1
JB000083,A,0,31,18,1,2718,1,1,2666,2026-03-18,1,Orientation,North Center,4,1
JB000084,A,0,51,12,0,0,0,1,2841,,,,,,0
JB000085,A,1,36,15,1,2131,0,1,3025,,,,,,0
JB000086,A,0,21,9,0,0,0,0,0,,,,,,0
JB000087,A,0,21,17,0,0,0,1,3129,,,,,,0
JB000088,A,1,33,9,1,1349,1,1,1671,2026-03-14,1,Orientation,North Center,4,1
JB000088,A,1,33,9,1,1349,1,1,1671,2026-04-23,2,Skills workshop,North Center,6,1
JB000089,A,0,31,16,1,2433,0,0,0,,,,,,0
JB000090,A,0,47,9,1,1925,0,1,2285,,,,,,0
JB000091,A,0,21,13,0,0,1,0,0,2026-03-22,1,Orientation,North Center,4,1
JB000091,A,0,21,13,0,0,1,0,0,2026-04-20,2,Skills workshop,North Center,6,1
JB000092,A,1,42,15,1,2368,1,1,3168,2026-03-16,1,Orientation,North Center,4,1
JB000093,A,0,35,9,1,1167,1,1,1602,2026-03-08,1,Orientation,North Center,4,1
JB000094,A,0,29,18,0,0,0,0,0,,,,,,0
JB000095,A,0,36,11,1,1648,1,0,0,2026-03-17,1,Orientation,North Center,4,1
JB000096,A,1,53,11,1,2228,1,1,2624,2026-03-04,1,Orientation,North Center,4,1
JB000097,A,0,46,16,1,2703,1,1,3700,2026-03-24,1,Orientation,North Center,4,1
JB000097,A,0,46,16,1,2703,1,1,3700,2026-04-08,2,Skills workshop,North Center,6,1
JB000098,A,1,22,18,0,0,0,1,2278,,,,,,0
JB000099,A,0,30,9,1,1222,1,0,0,2026-03-20,1,Orientation,North Center,4,1
JB000099,A,0,30,9,1,1222,1,0,0,2026-04-19,2,Skills workshop,North Center,6,1
JB000100,A,1,25,14,1,1550,0,1,1771,,,,,,0
JB000101,A,1,30,14,0,0,1,0,0,2026-03-10,1,Orientation,North Center,4,1
JB000102,A,0,20,16,0,0,0,0,0,,,,,,0
JB000103,A,0,42,15,0,0,0,1,2854,,,,,,0
JB000104,A,0,25,10,0,0,0,0,0,,,,,,0
JB000105,A,0,51,16,1,2721,1,1,2660,2026-03-24,1,Orientation,North Center,4,1
JB000106,A,1,38,14,0,0,1,0,0,2026-03-24,1,Orientation,North Center,4,1
JB000107,A,0,30,11,0,0,1,1,1940,2026-03-21,1,Orientation,North Center,4,1
JB000107,A,0,30,11,0,0,1,1,1940,2026-04-07,2,Skills workshop,North Center,6,1
JB000107,A,0,30,11,0,0,1,1,1940,2026-05-23,3,Job placement,North Center,6,1
JB000108,A,0,24,9,0,0,1,1,1240,2026-03-09,1,Orientation,North Center,4,1
JB000109,A,0,37,18,1,2523,0,1,3330,,,,,,0
JB000110,A,1,22,18,1,2237,0,0,0,,,,,,0
JB000111,A,0,50,16,1,2747,0,0,0,,,,,,0
JB000112,A,0,48,10,0,0,1,1,2389,2026-03-07,1,Orientation,North Center,4,1
JB000113,A,0,53,16,1,2401,0,1,2575,,,,,,0
JB000114,A,0,49,11,1,1622,1,1,2200,,,,,,0
JB000115,A,0,28,13,1,1587,0,0,0,,,,,,0
JB000116,A,0,40,16,0,0,0,1,2615,,,,,,0
JB000117,A,1,54,16,1,2992,0,1,2778,,,,,,0
JB000118,A,1,40,17,1,2059,0,1,2969,,,,,,0
JB000119,A,0,27,16,1,2166,1,0,0,2026-03-24,1,Orientation,North Center,4,1
JB000120,A,0,22,12,0,0,1,1,2386,,,,,,0
JB000121,A,0,21,11,0,0,1,1,2309,2026-03-10,1,Orientation,North Center,4,1
JB000121,A,0,21,11,0,0,1,1,2309,2026-04-17,2,Skills workshop,North Center,6,1
JB000122,A,0,38,17,1,2818,1,1,2551,2026-03-19,1,Orientation,North Center,4,1
JB000122,A,0,38,17,1,2818,1,1,2551,2026-04-03,2,Skills workshop,North Center,6,1
JB000123,A,1,37,11,1,1555,0,0,0,,,,,,0
JB000124,A,0,33,14,0,0,0,1,2454,,,,,,0
JB000125,A,0,31,11,1,1436,0,1,1913,,,,,,0
JB000126,A,0,33,9,1,1238,0,1,2331,,,,,,0
JB000127,A,1,19,14,0,0,1,1,2104,2026-03-16,1,Orientation,North Center,4,1
JB000128,A,0,19,12,0,0,1,0,0,2026-03-16,1,Orientation,North Center,4,1
JB000129,A,1,28,13,0,0,1,1,2382,2026-03-22,1,Orientation,North Center,4,1
JB000130,A,0,55,17,1,2497,0,1,2813,,,,,,0
JB000131,A,1,48,15,1,2232,1,1,2843,2026-03-21,1,Orientation,North Center,4,1
JB000131,A,1,48,15,1,2232,1,1,2843,2026-04-14,2,Skills workshop,North Center,6,1
JB000132,A,0,36,15,0,0,0,1,2340,,,,,,0
JB000133,A,1,52,17,0,0,1,0,0,2026-03-23,1,Orientation,North Center,4,1
JB000134,A,1,45,12,0,0,0,1,2069,,,,,,0
JB000135,A,1,32,12,1,2110,0,0,0,,,,,,0
JB000136,A,0,24,9,0,0,0,1,1796,,,,,,0
JB000137,A,1,42,13,0,0,1,1,3139,2026-03-07,1,Orientation,North Center,4,1
JB000138,A,0,41,13,0,0,1,0,0,2026-03-16,1,Orientation,North Center,4,1
JB000138,A,0,41,13,0,0,1,0,0,2026-04-17,2,Skills workshop,North Center,6,1
JB000139,A,1,32,9,0,0,1,1,1434,2026-03-13,1,Orientation,North Center,4,1
JB000140,A,0,40,12,0,0,0,1,2676,,,,,,0
JB000141,A,1,32,18,1,2722,0,0,0,,,,,,0
JB000142,A,1,29,15,1,2170,0,0,0,,,,,,0
JB000143,A,1,40,15,0,0,0,1,3266,,,,,,0
JB000144,A,1,37,12,0,0,1,1,3010,2026-03-08,1,Orientation,North Center,4,1
JB000145,A,0,52,13,0,0,1,1,3138,2026-03-03,1,Orientation,North Center,4,1
JB000145,A,0,52,13,0,0,1,1,3138,2026-04-09,2,Skills workshop,North Center,6,1
JB000145,A,0,52,13,0,0,1,1,3138,2026-05-16,3,Job placement,North Center,6,1
JB000146,A,1,36,16,0,0,1,0,0,2026-03-04,1,Orientation,North Center,4,1
JB000147,A,0,46,17,1,2157,1,1,3150,2026-03-05,1,Orientation,North Center,4,1
JB000148,A,1,23,12,0,0,1,1,1609,2026-03-10,1,Orientation,North Center,4,1
JB000149,A,0,41,11,0,0,1,0,0,2026-03-11,1,Orientation,North Center,4,1
JB000149,A,0,41,11,0,0,1,0,0,2026-04-03,2,Skills workshop,North Center,6,1
JB000150,A,1,20,18,0,0,1,0,0,,,,,,0
JB000151,A,0,48,18,0,0,1,1,2889,2026-03-19,1,Orientation,North Center,4,1
JB000152,A,0,31,15,1,2287,0,0,0,,,,,,0
JB000153,A,1,30,13,1,2175,1,1,2342,2026-03-13,1,Orientation,North Center,4,1
JB000153,A,1,30,13,1,2175,1,1,2342,2026-04-06,2,Skills workshop,North Center,6,1
JB000154,A,0,53,13,1,2408,0,1,2651,,,,,,0
JB000155,A,0,38,15,0,0,1,1,2558,2026-03-24,1,Orientation,North Center,4,1
JB000156,A,0,29,18,0,0,0,0,0,,,,,,0
JB000157,A,0,43,15,0,0,0,1,2551,,,,,,0
JB000158,A,1,41,18,1,2455,1,1,3815,2026-03-17,1,Orientation,North Center,4,1
JB000159,A,1,25,14,1,1510,1,0,0,2026-03-03,1,Orientation,North Center,4,1
JB000159,A,1,25,14,1,1510,1,0,0,2026-04-14,2,Skills workshop,North Center,6,1
JB000159,A,1,25,14,1,1510,1,0,0,2026-05-06,3,Job placement,North Center,6,1
JB000160,A,0,45,9,1,1281,0,1,2061,,,,,,0
JB000161,A,1,52,9,1,1931,0,1,1739,,,,,,0
JB000162,A,0,45,14,1,2324,0,0,0,,,,,,0
JB000163,A,1,26,17,0,0,1,1,3409,2026-03-24,1,Orientation,North Center,4,1
JB000164,A,1,43,14,1,2469,0,1,2651,,,,,,0
JB000165,A,1,55,9,0,0,0,1,2260,,,,,,0
JB000166,A,0,24,17,0,0,1,1,2929,2026-03-06,1,Orientation,North Center,4,1
JB000167,A,0,34,11,0,0,1,1,2166,2026-03-24,1,Orientation,North Center,4,1
JB000167,A,0,34,11,0,0,1,1,2166,2026-04-19,2,Skills workshop,North Center,6,1
JB000168,A,1,55,17,0,0,1,0,0,2026-03-24,1,Orientation,North Center,4,1
JB000169,A,0,48,15,1,2449,0,1,2386,,,,,,0
JB000170,A,1,21,16,0,0,1,1,2198,2026-03-24,1,Orientation,North Center,4,1
JB000170,A,1,21,16,0,0,1,1,2198,2026-04-08,2,Skills workshop,North Center,6,1
JB000170,A,1,21,16,0,0,1,1,2198,2026-05-07,3,Job placement,North Center,6,1
JB000171,A,0,49,17,0,0,1,1,3249,,,,,,0
JB000172,A,0,39,11,1,1914,0,1,1821,,,,,,0
JB000173,A,0,51,15,0,0,1,1,3253,2026-03-11,1,Orientation,North Center,4,1
JB000174,A,0,29,15,1,2100,0,0,0,,,,,,0
JB000175,A,0,53,12,1,2500,0,1,2834,,,,,,0
JB000176,A,0,22,11,0,0,1,1,1680,2026-03-18,1,Orientation,North Center,4,1
JB000177,A,1,51,18,0,0,0,1,3312,,,,,,0
JB000178,A,1,55,10,0,0,0,1,2216,,,,,,0
JB000179,A,1,24,17,0,0,1,1,2273,,,,,,0
JB000180,A,0,54,10,0,0,0,1,2834,,,,,,0
JB000181,A,1,26,14,0,0,1,1,2278,2026-03-21,1,Orientation,North Center,4,1
JB000182,A,0,53,14,0,0,1,1,2532,2026-03-10,1,Orientation,North Center,4,1
JB000183,A,1,35,12,0,0,1,1,2911,2026-03-16,1,Orientation,North Center,4,1
JB000184,A,0,52,14,0,0,1,1,2582,2026-03-07,1,Orientation,North Center,4,1
JB000185,A,1,26,13,1,1903,1,0,0,2026-03-10,1,Orientation,North Center,4,1
JB000185,A,1,26,13,1,1903,1,0,0,2026-04-05,2,Skills workshop,North Center,6,1
JB000186,A,0,44,10,1,1460,0,1,2587,,,,,,0
JB000187,A,0,44,14,1,1811,0,1,2062,,,,,,0
JB000188,A,0,53,11,1,1784,1,0,0,2026-03-21,1,Orientation,North Center,4,1
JB000189,A,0,39,11,0,0,0,0,0,,,,,,0
JB000190,A,0,42,16,0,0,0,0,0,,,,,,0
JB000191,A,1,34,13,0,0,1,0,0,,,,,,0
JB000192,A,0,48,14,0,0,0,1,2146,,,,,,0
JB000193,A,1,39,17,1,2681,1,1,3441,2026-03-12,1,Orientation,North Center,4,1
JB000194,A,1,35,16,1,2345,1,1,3198,2026-03-12,1,Orientation,North Center,4,1
JB000195,A,0,54,12,1,1715,0,1,2217,,,,,,0
JB000196,A,1,47,18,1,2939,0,1,3806,,,,,,0
JB000197,A,1,47,17,1,2980,0,0,0,,,,,,0
JB000198,A,1,46,14,1,1811,1,0,0,2026-03-16,1,Orientation,North Center,4,1
JB000199,A,1,50,13,0,0,0,0,0,,,,,,0
JB000200,A,1,55,12,0,0,0,1,2751,,,,,,0
JB000201,A,0,47,11,0,0,1,0,0,2026-03-10,1,Orientation,North Center,4,1
JB000202,A,1,36,18,0,0,0,1,2584,,,,,,0
JB000203,A,1,21,11,1,1507,1,0,0,2026-03-03,1,Orientation,North Center,4,1
JB000203,A,1,21,11,1,1507,1,0,0,2026-04-23,2,Skills workshop,North Center,6,1
JB000203,A,1,21,11,1,1507,1,0,0,2026-05-21,3,Job placement,North Center,6,1
JB000204,A,0,48,17,1,2381,1,1,3239,2026-03-08,1,Orientation,North Center,4,1
JB000205,A,1,24,10,1,1028,1,0,0,,,,,,0
JB000206,A,0,47,10,1,1445,1,1,2626,2026-03-18,1,Orientation,North Center,4,1
JB000206,A,0,47,10,1,1445,1,1,2626,2026-04-05,2,Skills workshop,North Center,6,1
JB000207,A,1,49,18,0,0,0,0,0,,,,,,0
JB000208,A,0,21,16,1,2353,0,1,2373,,,,,,0
JB000209,A,0,20,17,1,1873,1,0,0,2026-03-06,1,Orientation,North Center,4,1
JB000209,A,0,20,17,1,1873,1,0,0,2026-04-03,2,Skills workshop,North Center,6,1
JB000209,A,0,20,17,1,1873,1,0,0,2026-05-24,3,Job placement,North Center,6,1
JB000210,A,1,20,18,1,2490,0,1,2121,,,,,,0
JB000211,A,1,32,12,1,1744,0,1,1559,,,,,,0
JB000212,A,1,43,17,0,0,0,0,0,,,,,,0
JB000213,A,0,46,18,1,2657,1,1,3048,2026-03-22,1,Orientation,North Center,4,1
JB000214,A,1,53,17,1,2662,0,1,2851,,,,,,0
JB000215,A,1,50,17,1,2879,0,0,0,2026-03-03,1,Orientation,North Center,4,1
JB000216,A,1,23,12,1,1425,0,0,0,,,,,,0
JB000217,A,0,53,13,1,1801,0,1,2882,,,,,,0
JB000218,A,1,24,18,0,0,0,1,2711,,,,,,0
JB000219,A,0,38,14,1,2155,1,1,3308,2026-03-07,1,Orientation,North Center,4,1
JB000219,A,0,38,14,1,2155,1,1,3308,2026-04-14,2,Skills workshop,North Center,6,1
JB000220,A,1,22,10,0,0,1,0,0,2026-03-13,1,Orientation,North Center,4,1
JB000221,A,1,29,13,1,2149,0,0,0,,,,,,0
JB000222,A,1,19,18,1,2324,0,0,0,,,,,,0
JB000223,A,0,30,15,0,0,1,1,2087,,,,,,0
JB000224,A,0,32,10,0,0,1,1,2442,2026-03-03,1,Orientation,North Center,4,1
JB000225,A,0,30,17,1,1900,1,0,0,,,,,,0
JB000226,A,0,20,10,0,0,1,1,2277,2026-03-21,1,Orientation,North Center,4,1
JB000227,A,1,45,15,0,0,0,1,3013,,,,,,0
JB000228,A,1,32,10,0,0,0,1,1721,,,,,,0
JB000229,A,1,38,16,1,2464,1,0,0,2026-03-08,1,Orientation,North Center,4,1
JB000230,A,1,26,10,1,1517,0,1,1475,,,,,,0
JB000231,A,1,42,13,1,1928,1,1,2479,2026-03-25,1,Orientation,North Center,4,1
JB000231,A,1,42,13,1,1928,1,1,2479,2026-04-18,2,Skills workshop,North Center,6,1
JB000232,A,1,21,9,0,0,1,1,1793,2026-03-04,1,Orientation,North Center,4,1
JB000233,A,1,21,14,1,2244,1,1,2270,2026-03-07,1,Orientation,North Center,4,1
JB000234,A,0,25,15,1,1807,1,0,0,2026-03-15,1,Orientation,North Center,4,1
JB000235,A,0,51,15,0,0,1,1,2873,2026-03-04,1,Orientation,North Center,4,1
JB000235,A,0,51,15,0,0,1,1,2873,2026-04-21,2,Skills workshop,North Center,6,1
JB000235,A,0,51,15,0,0,1,1,2873,2026-05-23,3,Job placement,North Center,6,1
JB000236,A,1,32,10,0,0,0,1,1724,,,,,,0
JB000237,A,0,19,14,1,1695,1,1,1801,2026-03-23,1,Orientation,North Center,4,1
JB000237,A,0,19,14,1,1695,1,1,1801,2026-04-23,2,Skills workshop,North Center,6,1
JB000238,A,0,19,16,0,0,1,1,3183,2026-03-22,1,Orientation,North Center,4,1
JB000239,A,1,49,16,0,0,1,0,0,2026-03-13,1,Orientation,North Center,4,1
JB000240,A,0,23,9,0,0,1,0,0,2026-03-21,1,Orientation,North Center,4,1
JB000240,A,0,23,9,0,0,1,0,0,2026-04-06,2,Skills workshop,North Center,6,1
JB000241,A,1,28,16,0,0,1,1,2460,2026-03-15,1,Orientation,North Center,4,1
JB000242,A,0,25,12,0,0,1,1,1829,2026-03-10,1,Orientation,North Center,4,1
JB000243,A,1,52,15,1,2030,1,1,3440,2026-03-07,1,Orientation,North Center,4,1
JB000243,A,1,52,15,1,2030,1,1,3440,2026-04-24,2,Skills workshop,North Center,6,1
JB000243,A,1,52,15,1,2030,1,1,3440,2026-05-24,3,Job placement,North Center,6,1
JB000244,A,1,41,9,0,0,0,1,2372,,,,,,0
JB000245,A,1,47,13,0,0,1,0,0,2026-03-06,1,Orientation,North Center,4,1
JB000246,A,0,20,15,1,1788,1,1,2856,2026-03-08,1,Orientation,North Center,4,1
JB000247,A,1,49,9,1,2039,0,1,2232,,,,,,0
JB000248,A,1,45,14,1,2356,0,1,3254,,,,,,0
JB000249,A,1,35,16,0,0,1,0,0,2026-03-11,1,Orientation,North Center,4,1
JB000250,A,0,47,17,0,0,0,1,2966,,,,,,0
JB000251,A,1,19,11,1,1870,1,1,1394,2026-03-13,1,Orientation,North Center,4,1
JB000251,A,1,19,11,1,1870,1,1,1394,2026-04-20,2,Skills workshop,North Center,6,1
JB000251,A,1,19,11,1,1870,1,1,1394,2026-05-13,3,Job placement,North Center,6,1
JB000252,A,0,48,17,1,2708,0,1,3399,,,,,,0
JB000253,A,1,30,16,1,1860,0,1,2337,,,,,,0
JB000254,A,0,33,13,0,0,1,0,0,,,,,,0
JB000255,A,0,26,14,0,0,1,1,2954,2026-03-10,1,Orientation,North Center,4,1
JB000256,A,0,36,13,1,2075,1,1,2084,2026-03-09,1,Orientation,North Center,4,1
JB000257,A,0,19,11,0,0,0,1,1965,,,,,,0
JB000258,A,1,50,16,1,2229,0,0,0,,,,,,0
JB000259,A,0,47,9,0,0,1,1,2157,2026-03-10,1,Orientation,North Center,4,1
JB000260,A,1,50,11,0,0,0,1,2720,,,,,,0
JB000261,A,0,33,18,1,2238,1,1,3119,2026-03-06,1,Orientation,North Center,4,1
JB000262,A,1,27,10,0,0,1,1,1984,2026-03-24,1,Orientation,North Center,4,1
JB000263,A,1,22,10,1,1505,0,0,0,,,,,,0
JB000264,A,1,42,13,1,2475,0,1,2922,,,,,,0
JB000265,A,1,51,11,1,2147,0,0,0,,,,,,0
JB000266,A,1,20,14,0,0,0,1,1748,,,,,,0
JB000267,A,1,43,9,0,0,1,0,0,2026-03-03,1,Orientation,North Center,4,1
JB000268,A,1,21,10,0,0,1,1,1319,2026-03-13,1,Orientation,North Center,4,1
JB000269,A,0,22,11,1,1429,1,0,0,2026-03-03,1,Orientation,North Center,4,1
JB000270,A,1,22,13,1,1715,1,0,0,2026-03-14,1,Orientation,North Center,4,1
JB000271,A,1,45,11,1,1943,0,1,1762,,,,,,0
JB000272,A,0,43,12,0,0,1,1,2426,2026-03-12,1,Orientation,North Center,4,1
JB000273,A,1,28,10,0,0,0,1,2280,,,,,,0
JB000274,A,1,49,10,1,2104,0,1,1937,,,,,,0
JB000275,A,0,43,10,1,1651,0,1,1897,,,,,,0
JB000276,A,0,47,13,1,1840,0,1,2365,,,,,,0
JB000277,A,1,54,10,0,0,0,0,0,,,,,,0
JB000278,A,1,37,12,0,0,1,1,2425,2026-03-19,1,Orientation,North Center,4,1
JB000278,A,1,37,12,0,0,1,1,2425,2026-04-10,2,Skills workshop,North Center,6,1
JB000279,A,0,21,17,0,0,1,1,2372,2026-03-12,1,Orientation,North Center,4,1
JB000280,A,1,20,14,1,1828,0,0,0,,,,,,0
JB000281,A,0,20,9,0,0,1,0,0,2026-03-06,1,Orientation,North Center,4,1
JB000281,A,0,20,9,0,0,1,0,0,2026-04-11,2,Skills workshop,North Center,6,1
JB000281,A,0,20,9,0,0,1,0,0,2026-05-18,3,Job placement,North Center,6,1
JB000282,A,1,51,15,0,0,1,1,2913,2026-03-15,1,Orientation,North Center,4,1
JB000282,A,1,51,15,0,0,1,1,2913,2026-04-07,2,Skills workshop,North Center,6,1
JB000283,A,1,41,15,0,0,1,1,3303,2026-03-10,1,Orientation,North Center,4,1
JB000284,A,1,50,17,0,0,1,1,2820,2026-03-19,1,Orientation,North Center,4,1
JB000285,A,0,32,16,1,2367,1,1,2973,2026-03-24,1,Orientation,North Center,4,1
JB000285,A,0,32,16,1,2367,1,1,2973,2026-04-06,2,Skills workshop,North Center,6,1
JB000286,A,0,47,10,0,0,1,1,2762,2026-03-10,1,Orientation,North Center,4,1
JB000287,A,0,50,12,0,0,1,0,0,2026-03-17,1,Orientation,North Center,4,1
JB000288,A,0,47,11,0,0,1,0,0,2026-03-17,1,Orientation,North Center,4,1
JB000289,A,0,20,16,0,0,0,0,0,,,,,,0
JB000290,A,0,51,14,1,2339,0,1,2365,,,,,,0
JB000291,A,0,55,12,0,0,1,1,3030,2026-03-07,1,Orientation,North Center,4,1
JB000292,A,1,33,11,0,0,1,0,0,2026-03-08,1,Orientation,North Center,4,1
JB000292,A,1,33,11,0,0,1,0,0,2026-04-09,2,Skills workshop,North Center,6,1
JB000292,A,1,33,11,0,0,1,0,0,2026-05-09,3,Job placement,North Center,6,1
JB000293,A,1,24,16,0,0,1,1,2512,2026-03-07,1,Orientation,North Center,4,1
JB000294,A,0,48,13,1,2519,0,0,0,,,,,,0
JB000295,A,0,51,10,0,0,1,1,2446,2026-03-06,1,Orientation,North Center,4,1
JB000296,A,0,45,18,1,2270,1,0,0,2026-03-10,1,Orientation,North Center,4,1
JB000297,A,1,44,10,1,1481,1,0,0,2026-03-20,1,Orientation,North Center,4,1
JB000298,A,1,38,16,0,0,1,1,2753,,,,,,0
JB000299,A,1,25,18,0,0,0,1,3099,,,,,,0
JB000300,A,1,47,15,1,2601,1,0,0,2026-03-20,1,Orientation,North Center,4,1
JB000301,A,0,28,17,1,1772,0,0,0,,,,,,0
JB000302,A,0,50,11,1,1784,0,0,0,,,,,,0
JB000303,A,0,48,18,1,2607,1,1,3895,2026-03-25,1,Orientation,North Center,4,1
JB000304,A,1,34,9,1,1316,1,0,0,2026-03-05,1,Orientation,North Center,4,1
JB000305,A,1,23,14,1,2133,0,1,1965,,,,,,0
JB000306,A,0,25,14,1,2161,0,0,0,,,,,,0
JB000307,A,0,43,13,0,0,0,0,0,,,,,,0
JB000308,A,0,48,10,0,0,1,1,2567,,,,,,0
JB000309,A,0,53,14,0,0,0,1,2688,,,,,,0
JB000310,A,1,54,14,0,0,0,1,2892,,,,,,0
JB000311,A,0,22,14,0,0,1,1,1847,2026-03-09,1,Orientation,North Center,4,1
JB000312,A,0,21,12,0,0,1,1,1937,2026-03-07,1,Orientation,North Center,4,1
JB000312,A,0,21,12,0,0,1,1,1937,2026-04-19,2,Skills workshop,North Center,6,1
JB000313,A,0,53,9,0,0,1,1,2895,2026-03-19,1,Orientation,North Center,4,1
JB000314,A,1,39,16,0,0,1,0,0,2026-03-26,1,Orientation,North Center,4,1
JB000315,A,1,54,14,1,2384,1,1,3058,2026-03-10,1,Orientation,North Center,4,1
JB000316,A,0,29,18,1,2177,0,1,3066,,,,,,0
JB000317,A,0,39,9,0,0,1,0,0,2026-03-13,1,Orientation,North Center,4,1
JB000317,A,0,39,9,0,0,1,0,0,2026-04-23,2,Skills workshop,North Center,6,1
JB000318,A,1,20,15,0,0,0,1,2212,,,,,,0
JB000319,A,0,48,17,0,0,0,1,3513,,,,,,0
JB000320,A,0,23,11,1,1193,0,0,0,,,,,,0
JB000321,A,0,29,17,1,1824,1,1,2626,2026-03-16,1,Orientation,North Center,4,1
JB000322,A,0,24,12,1,1765,0,0,0,,,,,,0
JB000323,A,0,21,16,1,1781,0,0,0,,,,,,0
JB000324,A,0,45,10,1,1693,1,1,1986,2026-03-15,1,Orientation,North Center,4,1
JB000325,A,1,20,18,0,0,0,0,0,,,,,,0
JB000326,A,0,43,15,0,0,1,0,0,2026-03-12,1,Orientation,North Center,4,1
JB000327,A,0,28,17,1,2409,1,1,2486,2026-03-20,1,Orientation,North Center,4,1
JB000328,A,0,46,12,0,0,1,1,2772,2026-03-14,1,Orientation,North Center,4,1
JB000328,A,0,46,12,0,0,1,1,2772,2026-04-14,2,Skills workshop,North Center,6,1
JB000329,A,1,42,15,0,0,1,0,0,2026-03-06,1,Orientation,North Center,4,1
JB000329,A,1,42,15,0,0,1,0,0,2026-04-20,2,Skills workshop,North Center,6,1
JB000330,A,0,37,14,0,0,1,1,2721,,,,,,0
JB000331,A,0,50,18,1,2327,1,1,3647,2026-03-18,1,Orientation,North Center,4,1
JB000332,A,1,38,15,1,2292,0,0,0,,,,,,0
JB000333,A,0,41,9,0,0,0,1,1554,,,,,,0
JB000334,A,1,35,13,1,1961,0,0,0,,,,,,0
JB000335,A,1,53,18,1,2561,1,1,3054,2026-03-04,1,Orientation,North Center,4,1
JB000335,A,1,53,18,1,2561,1,1,3054,2026-04-10,2,Skills workshop,North Center,6,1
JB000335,A,1,53,18,1,2561,1,1,3054,2026-05-09,3,Job placement,North Center,6,1
JB000336,A,1,50,14,0,0,0,1,3088,,,,,,0
JB000337,A,0,30,16,0,0,0,1,3193,,,,,,0
JB000338,A,0,25,13,0,0,0,1,2113,,,,,,0
JB000339,A,1,34,14,1,1600,0,1,2835,,,,,,0
JB000340,A,0,53,12,1,2308,0,0,0,,,,,,0
JB000341,A,1,52,11,1,2304,0,1,2089,,,,,,0
JB000342,A,0,41,12,1,1430,0,1,1750,,,,,,0
JB000343,A,1,46,9,0,0,0,0,0,,,,,,0
JB000344,A,0,35,12,1,1470,1,0,0,2026-03-24,1,Orientation,North Center,4,1
JB000344,A,0,35,12,1,1470,1,0,0,2026-04-07,2,Skills workshop,North Center,6,1
JB000345,A,1,35,16,0,0,0,1,3199,,,,,,0
JB000346,A,1,40,10,0,0,0,1,2050,,,,,,0
JB000347,A,0,33,15,1,1774,0,1,2989,,,,,,0
JB000348,A,0,40,14,0,0,1,1,2212,2026-03-17,1,Orientation,North Center,4,1
JB000349,A,1,22,15,0,0,0,1,1985,,,,,,0
JB000350,A,0,42,10,1,1363,1,1,2042,2026-03-18,1,Orientation,North Center,4,1
JB000351,A,1,44,10,0,0,0,1,2099,,,,,,0
JB000352,A,0,26,17,1,2416,0,0,0,,,,,,0
JB000353,A,0,49,17,1,2111,1,1,3467,2026-03-18,1,Orientation,North Center,4,1
JB000354,A,1,37,12,0,0,1,0,0,2026-03-15,1,Orientation,North Center,4,1
JB000355,A,0,21,18,0,0,0,1,2240,,,,,,0
JB000356,A,0,26,9,0,0,0,1,1589,,,,,,0
JB000357,A,1,54,17,1,2816,0,0,0,,,,,,0
JB000358,A,1,47,14,1,1987,0,1,2542,,,,,,0
JB000359,A,0,30,14,1,1859,1,1,3066,2026-03-17,1,Orientation,North Center,4,1
JB000360,A,1,22,9,0,0,1,1,1393,2026-03-14,1,Orientation,North Center,4,1
JB000360,A,1,22,9,0,0,1,1,1393,2026-04-13,2,Skills workshop,North Center,6,1
JB000361,A,1,20,13,0,0,0,1,1828,,,,,,0
JB000362,A,1,30,12,0,0,1,1,2853,2026-03-14,1,Orientation,North Center,4,1
JB000362,A,1,30,12,0,0,1,1,2853,2026-04-23,2,Skills workshop,North Center,6,1
JB000362,A,1,30,12,0,0,1,1,2853,2026-05-25,3,Job placement,North Center,6,1
JB000363,A,0,25,14,1,1644,1,0,0,2026-03-11,1,Orientation,North Center,4,1
JB000364,A,0,31,16,0,0,1,1,3017,2026-03-11,1,Orientation,North Center,4,1
JB000365,A,1,22,11,0,0,0,1,2388,,,,,,0
JB000366,A,0,42,17,1,2007,0,0,0,,,,,,0
JB000367,A,0,21,13,0,0,0,1,1463,,,,,,0
JB000368,A,1,34,9,1,1767,1,1,2515,2026-03-18,1,Orientation,North Center,4,1
JB000369,A,1,49,10,1,1954,1,1,2751,2026-03-04,1,Orientation,North Center,4,1
JB000370,A,0,19,18,1,1893,0,0,0,,,,,,0
JB000371,A,1,22,15,1,1778,1,0,0,2026-03-13,1,Orientation,North Center,4,1
JB000372,A,0,28,10,1,1833,0,0,0,,,,,,0
JB000373,A,1,49,11,0,0,1,1,2746,2026-03-23,1,Orientation,North Center,4,1
JB000374,A,1,19,18,1,2043,0,0,0,,,,,,0
JB000375,A,0,53,11,1,1596,1,1,2997,2026-03-25,1,Orientation,North Center,4,1
JB000375,A,0,53,11,1,1596,1,1,2997,2026-04-21,2,Skills workshop,North Center,6,1
JB000375,A,0,53,11,1,1596,1,1,2997,2026-05-11,3,Job placement,North Center,6,1
JB000376,A,0,54,15,0,0,0,1,2903,,,,,,0
JB000377,A,0,54,11,0,0,0,0,0,,,,,,0
JB000378,A,1,20,10,1,1288,1,0,0,2026-03-03,1,Orientation,North Center,4,1
JB000378,A,1,20,10,1,1288,1,0,0,2026-04-22,2,Skills workshop,North Center,6,1
JB000379,A,0,34,12,0,0,0,1,1630,,,,,,0
JB000380,A,0,20,11,0,0,0,1,2032,,,,,,0
JB000381,A,1,21,13,0,0,0,1,1616,,,,,,0
JB000382,A,1,52,10,1,2189,0,0,0,,,,,,0
JB000383,A,0,33,15,1,2512,0,1,2011,,,,,,0
JB000384,A,1,28,18,1,2595,1,0,0,2026-03-18,1,Orientation,North Center,4,1
JB000385,A,0,38,17,1,2289,1,1,2653,2026-03-05,1,Orientation,North Center,4,1
JB000386,A,0,25,10,1,1071,0,1,1971,,,,,,0
JB000387,A,0,43,13,1,2026,0,1,2543,,,,,,0
JB000388,A,1,38,14,1,2109,1,0,0,2026-03-07,1,Orientation,North Center,4,1
JB000389,A,0,47,14,1,2228,1,1,3264,2026-03-06,1,Orientation,North Center,4,1
JB000390,A,0,54,14,1,2734,1,0,0,,,,,,0
JB000391,A,0,35,11,0,0,0,0,0,,,,,,0
JB000392,A,1,25,15,1,1588,0,0,0,,,,,,0
JB000393,A,1,28,18,1,2799,1,1,3628,2026-03-16,1,Orientation,North Center,4,1
JB000394,A,0,45,12,0,0,0,0,0,,,,,,0
JB000395,A,0,32,10,0,0,1,0,0,2026-03-10,1,Orientation,North Center,4,1
JB000396,A,1,19,14,1,1998,1,1,2608,2026-03-03,1,Orientation,North Center,4,1
JB000397,A,1,41,17,0,0,0,0,0,,,,,,0
JB000398,A,0,42,14,0,0,1,1,3245,2026-03-11,1,Orientation,North Center,4,1
JB000399,A,0,19,9,1,1635,1,1,1450,2026-03-14,1,Orientation,North Center,4,1
JB000399,A,0,19,9,1,1635,1,1,1450,2026-04-10,2,Skills workshop,North Center,6,1
JB000400,A,0,30,10,0,0,1,0,0,2026-03-24,1,Orientation,North Center,4,1
JB000401,A,0,24,17,0,0,1,1,3203,2026-03-19,1,Orientation,North Center,4,1
JB000401,A,0,24,17,0,0,1,1,3203,2026-04-05,2,Skills workshop,North Center,6,1
JB000401,A,0,24,17,0,0,1,1,3203,2026-05-26,3,Job placement,North Center,6,1
JB000402,A,0,31,17,0,0,0,0,0,,,,,,0
JB000403,A,0,41,16,0,0,0,1,2554,,,,,,0
JB000404,A,0,29,16,1,2459,0,0,0,,,,,,0
JB000405,A,1,33,11,0,0,0,0,0,,,,,,0
JB000406,A,0,30,15,1,2495,0,1,2370,,,,,,0
JB000407,A,1,51,12,0,0,0,0,0,,,,,,0
JB000408,A,0,55,10,0,0,0,1,2545,,,,,,0
JB000409,A,1,49,11,1,2074,0,0,0,,,,,,0
JB000410,A,1,49,14,0,0,0,1,2711,,,,,,0
JB000411,A,0,50,9,1,1274,0,0,0,,,,,,0
JB000412,A,1,50,10,1,1391,1,0,0,,,,,,0
JB000413,A,0,24,16,0,0,0,0,0,,,,,,0
JB000414,A,0,35,15,1,2235,1,0,0,2026-03-16,1,Orientation,North Center,4,1
JB000415,A,1,38,14,0,0,0,1,2142,,,,,,0
JB000416,A,0,49,14,0,0,1,0,0,2026-03-20,1,Orientation,North Center,4,1
JB000417,A,1,35,10,0,0,1,1,2356,2026-03-22,1,Orientation,North Center,4,1
JB000418,A,0,42,11,0,0,1,0,0,2026-03-07,1,Orientation,North Center,4,1
JB000419,A,1,40,13,0,0,0,1,2632,,,,,,0
JB000420,A,1,30,14,0,0,0,1,2098,,,,,,0
JB000421,A,1,22,15,0,0,1,1,2254,2026-03-06,1,Orientation,North Center,4,1
JB000422,A,0,42,12,0,0,0,0,0,,,,,,0
JB000423,A,0,25,18,1,1840,0,1,2676,,,,,,0
JB000424,A,0,34,11,0,0,0,1,1992,,,,,,0
JB000425,A,1,50,18,0,0,1,1,3801,,,,,,0
JB000426,A,1,43,13,1,2129,0,1,2442,,,,,,0
JB000427,A,0,35,18,0,0,0,1,2548,,,,,,0
JB000428,A,1,28,11,1,1447,0,1,2368,,,,,,0
JB000429,A,0,31,12,0,0,0,1,1771,,,,,,0
JB000430,A,1,39,15,0,0,0,1,2582,,,,,,0
JB000431,A,1,30,11,0,0,1,1,1992,2026-03-25,1,Orientation,North Center,4,1
JB000432,A,0,44,13,0,0,0,1,2214,,,,,,0
JB000433,A,1,30,9,0,0,0,1,1450,,,,,,0
JB000434,A,0,51,11,0,0,0,0,0,,,,,,0
JB000435,A,1,22,12,0,0,0,0,0,,,,,,0
JB000436,A,0,46,13,0,0,1,1,2808,2026-03-05,1,Orientation,North Center,4,1
JB000437,A,0,31,10,1,1808,0,1,1362,,,,,,0
JB000438,A,0,52,15,1,2292,0,0,0,,,,,,0
JB000439,A,1,55,13,0,0,1,0,0,2026-03-12,1,Orientation,North Center,4,1
JB000440,A,1,55,15,0,0,0,1,3365,,,,,,0
JB000441,A,1,32,17,0,0,0,0,0,,,,,,0
JB000442,A,1,19,13,0,0,1,0,0,,,,,,0
JB000443,A,0,36,14,0,0,0,0,0,,,,,,0
JB000444,A,1,23,15,0,0,1,0,0,,,,,,0
JB000445,A,0,47,9,1,1922,0,1,2581,,,,,,0
JB000446,A,1,38,12,1,2043,0,1,2452,,,,,,0
JB000447,A,1,37,12,0,0,1,0,0,2026-03-13,1,Orientation,North Center,4,1
JB000448,A,0,20,13,0,0,1,1,2531,2026-03-23,1,Orientation,North Center,4,1
JB000448,A,0,20,13,0,0,1,1,2531,2026-04-06,2,Skills workshop,North Center,6,1
JB000449,A,0,19,17,1,2523,0,1,3075,,,,,,0
JB000450,A,1,42,9,0,0,1,0,0,,,,,,0
JB000451,A,1,22,17,0,0,0,1,2912,,,,,,0
JB000452,A,0,34,15,0,0,0,1,2810,,,,,,0
JB000453,A,0,50,12,1,2418,1,1,3175,2026-03-14,1,Orientation,North Center,4,1
JB000454,A,0,34,11,0,0,1,1,1914,2026-03-10,1,Orientation,North Center,4,1
JB000455,A,1,20,9,1,1289,1,1,1343,,,,,,0
JB000456,A,0,47,14,1,2465,1,1,2974,2026-03-23,1,Orientation,North Center,4,1
JB000457,A,0,48,11,0,0,1,1,2948,2026-03-18,1,Orientation,North Center,4,1
JB000458,A,1,47,12,0,0,1,1,2960,2026-03-07,1,Orientation,North Center,4,1
JB000459,A,1,47,10,1,1643,0,1,2018,,,,,,0
JB000460,A,0,52,10,1,2192,1,1,2562,2026-03-03,1,Orientation,North Center,4,1
JB000461,A,0,47,12,1,1931,1,0,0,2026-03-26,1,Orientation,North Center,4,1
JB000462,A,0,21,17,0,0,1,1,2993,,,,,,0
JB000463,A,1,22,12,1,1925,0,1,2303,,,,,,0
JB000464,A,0,37,13,1,1858,1,1,2841,2026-03-05,1,Orientation,North Center,4,1
JB000465,A,1,24,17,1,1849,1,1,3360,2026-03-09,1,Orientation,North Center,4,1
JB000465,A,1,24,17,1,1849,1,1,3360,2026-04-19,2,Skills workshop,North Center,6,1
JB000466,A,0,43,11,1,2011,0,1,2722,,,,,,0
JB000467,A,0,55,13,1,2650,0,0,0,,,,,,0
JB000468,A,0,29,13,0,0,0,1,2485,,,,,,0
JB000469,A,0,52,15,0,0,1,1,3514,2026-03-13,1,Orientation,North Center,4,1
JB000470,A,1,55,16,1,2478,1,1,3299,2026-03-08,1,Orientation,North Center,4,1
JB000471,A,1,22,10,0,0,1,0,0,2026-03-11,1,Orientation,North Center,4,1
JB000472,A,0,27,18,1,2240,0,1,3312,,,,,,0
JB000473,A,1,33,18,1,2214,1,1,3224,2026-03-15,1,Orientation,North Center,4,1
JB000473,A,1,33,18,1,2214,1,1,3224,2026-04-10,2,Skills workshop,North Center,6,1
JB000474,A,0,49,13,0,0,1,1,2942,2026-03-06,1,Orientation,North Center,4,1
JB000475,A,0,20,12,1,1877,0,1,2507,,,,,,0
JB000476,A,0,22,14,1,1563,0,1,2517,,,,,,0
JB000477,A,1,23,16,0,0,0,0,0,,,,,,0
JB000478,A,1,25,14,0,0,1,0,0,2026-03-12,1,Orientation,North Center,4,1
JB000479,A,0,54,17,1,2846,0,1,3672,,,,,,0
JB000480,A,0,28,18,0,0,1,1,3390,2026-03-03,1,Orientation,North Center,4,1
JB000481,A,1,48,16,1,2612,0,1,3350,,,,,,0
JB000482,A,1,35,18,0,0,1,1,3597,2026-03-15,1,Orientation,North Center,4,1
JB000482,A,1,35,18,0,0,1,1,3597,2026-04-06,2,Skills workshop,North Center,6,1
JB000483,A,1,30,14,0,0,1,1,1992,2026-03-16,1,Orientation,North Center,4,1
JB000484,A,0,22,16,0,0,0,0,0,,,,,,0
JB000485,A,0,23,18,1,2314,1,1,3375,2026-03-03,1,Orientation,North Center,4,1
JB000486,A,1,49,16,1,2382,1,1,2760,2026-03-09,1,Orientation,North Center,4,1
JB000487,A,0,21,9,0,0,0,0,0,,,,,,0
JB000488,A,1,55,14,0,0,1,1,2841,2026-03-14,1,Orientation,North Center,4,1
JB000489,A,0,48,18,1,2258,1,0,0,2026-03-26,1,Orientation,North Center,4,1
JB000490,A,1,49,18,1,2311,1,1,3974,2026-03-17,1,Orientation,North Center,4,1
JB000490,A,1,49,18,1,2311,1,1,3974,2026-04-05,2,Skills workshop,North Center,6,1
JB000491,A,0,41,12,0,0,0,1,2247,,,,,,0
JB000492,A,0,38,14,1,1948,1,1,3269,2026-03-18,1,Orientation,North Center,4,1
JB000493,A,1,41,13,0,0,0,1,3028,,,,,,0
JB000494,A,1,55,15,0,0,0,0,0,,,,,,0
JB000495,A,0,39,15,0,0,0,0,0,,,,,,0
JB000496,A,1,51,15,1,2048,0,1,2784,,,,,,0
JB000497,A,0,20,12,1,1486,0,0,0,,,,,,0
JB000498,A,1,26,16,0,0,1,1,3243,2026-03-22,1,Orientation,North Center,4,1
JB000499,A,0,42,17,1,2579,0,0,0,,,,,,0
JB000500,A,0,20,10,0,0,1,1,1467,2026-03-22,1,Orientation,North Center,4,1
JB000501,A,1,33,9,1,1573,1,1,1867,2026-03-05,1,Orientation,North Center,4,1
JB000502,A,1,26,17,1,2479,0,1,2422,,,,,,0
JB000503,A,0,32,13,1,2180,0,0,0,,,,,,0
JB000504,A,0,46,17,0,0,0,0,0,,,,,,0
JB000505,A,0,53,11,0,0,1,1,2458,,,,,,0
JB000506,A,0,29,10,0,0,1,0,0,2026-03-08,1,Orientation,North Center,4,1
JB000507,A,0,22,18,1,2571,0,1,2999,,,,,,0
JB000508,A,0,33,14,1,2137,1,1,2708,2026-03-06,1,Orientation,North Center,4,1
JB000509,A,0,26,11,0,0,1,0,0,2026-03-12,1,Orientation,North Center,4,1
JB000509,A,0,26,11,0,0,1,0,0,2026-04-14,2,Skills workshop,North Center,6,1
JB000510,A,0,47,10,1,1327,1,0,0,2026-03-04,1,Orientation,North Center,4,1
JB000510,A,0,47,10,1,1327,1,0,0,2026-04-07,2,Skills workshop,North Center,6,1
JB000511,A,1,39,16,1,2281,0,1,3352,,,,,,0
JB000512,A,0,35,15,1,1710,0,1,2559,,,,,,0
JB000513,A,1,44,11,0,0,0,0,0,,,,,,0
JB000514,A,0,45,13,0,0,0,1,2647,,,,,,0
JB000515,A,1,23,16,1,1965,1,1,2186,2026-03-23,1,Orientation,North Center,4,1
JB000516,A,1,47,9,1,1993,1,1,1727,2026-03-24,1,Orientation,North Center,4,1
JB000516,A,1,47,9,1,1993,1,1,1727,2026-04-12,2,Skills workshop,North Center,6,1
JB000517,A,1,26,10,0,0,1,0,0,2026-03-18,1,Orientation,North Center,4,1
JB000518,A,1,26,17,0,0,0,0,0,,,,,,0
JB000519,A,1,34,10,0,0,1,0,0,2026-03-25,1,Orientation,North Center,4,1
JB000520,A,0,33,17,0,0,0,0,0,,,,,,0
JB000521,A,1,50,17,0,0,1,1,3594,2026-03-08,1,Orientation,North Center,4,1
JB000521,A,1,50,17,0,0,1,1,3594,2026-04-06,2,Skills workshop,North Center,6,1
JB000522,A,0,24,10,1,1099,1,1,1342,2026-03-20,1,Orientation,North Center,4,1
JB000523,A,1,49,15,1,2663,0,1,3446,,,,,,0
JB000524,A,0,27,11,0,0,0,1,2117,,,,,,0
JB000525,A,1,38,15,1,2036,1,1,3030,2026-03-09,1,Orientation,North Center,4,1
JB000526,A,1,44,11,0,0,0,0,0,,,,,,0
JB000527,A,1,46,18,1,2156,0,0,0,,,,,,0
JB000528,A,0,37,9,0,0,0,1,1493,,,,,,0
JB000529,A,1,22,14,0,0,0,1,2005,2026-03-12,1,Orientation,North Center,4,1
JB000530,A,0,37,14,1,1715,1,1,2208,2026-03-05,1,Orientation,North Center,4,1
JB000531,A,1,48,14,1,2593,0,0,0,,,,,,0
JB000532,A,1,33,9,1,1365,1,0,0,2026-03-10,1,Orientation,North Center,4,1
JB000532,A,1,33,9,1,1365,1,0,0,2026-04-04,2,Skills workshop,North Center,6,1
JB000533,A,0,31,13,0,0,1,1,2972,2026-03-12,1,Orientation,North Center,4,1
JB000534,A,1,45,9,0,0,0,0,0,,,,,,0
JB000535,A,1,28,9,0,0,1,1,1714,2026-03-13,1,Orientation,North Center,4,1
JB000536,A,0,19,12,0,0,1,1,1798,2026-03-22,1,Orientation,North Center,4,1
JB000537,A,0,24,12,0,0,0,1,2049,,,,,,0
JB000538,A,1,27,17,0,0,0,1,2956,,,,,,0
JB000539,A,1,22,14,1,1855,0,1,2626,,,,,,0
JB000540,A,1,19,17,0,0,1,1,3248,2026-03-17,1,Orientation,North Center,4,1
JB000540,A,1,19,17,0,0,1,1,3248,2026-04-10,2,Skills workshop,North Center,6,1
JB000541,A,1,21,13,1,1287,1,0,0,2026-03-26,1,Orientation,North Center,4,1
JB000542,A,0,30,17,1,2387,1,1,2396,,,,,,0
JB000543,A,0,30,9,0,0,1,1,2079,2026-03-25,1,Orientation,North Center,4,1
JB000543,A,0,30,9,0,0,1,1,2079,2026-04-26,2,Skills workshop,North Center,6,1
JB000543,A,0,30,9,0,0,1,1,2079,2026-05-12,3,Job placement,North Center,6,1
JB000544,A,0,51,12,0,0,1,0,0,2026-03-03,1,Orientation,North Center,4,1
JB000545,A,1,34,12,0,0,1,0,0,2026-03-18,1,Orientation,North Center,4,1
JB000546,A,0,47,10,1,2115,0,0,0,,,,,,0
JB000547,A,1,34,12,0,0,1,1,2641,2026-03-13,1,Orientation,North Center,4,1
JB000548,A,1,46,18,0,0,1,1,3744,2026-03-13,1,Orientation,North Center,4,1
JB000548,A,1,46,18,0,0,1,1,3744,2026-04-19,2,Skills workshop,North Center,6,1
JB000549,A,0,44,17,1,2209,0,0,0,,,,,,0
JB000550,A,0,25,16,0,0,1,1,2204,2026-03-07,1,Orientation,North Center,4,1
JB000551,A,0,35,15,0,0,0,1,2591,,,,,,0
JB000552,A,0,36,9,1,1604,1,1,2181,2026-03-18,1,Orientation,North Center,4,1
JB000553,A,0,47,12,1,1504,0,0,0,,,,,,0
JB000554,A,1,55,13,1,1810,1,1,2456,2026-03-18,1,Orientation,North Center,4,1
JB000555,A,1,19,9,0,0,0,1,1242,,,,,,0
JB000556,A,0,24,15,0,0,1,1,3008,2026-03-05,1,Orientation,North Center,4,1
JB000557,A,0,21,14,0,0,0,0,0,,,,,,0
JB000558,A,1,53,16,1,2971,0,0,0,,,,,,0
JB000559,A,1,25,10,1,1122,1,1,1762,2026-03-03,1,Orientation,North Center,4,1
JB000559,A,1,25,10,1,1122,1,1,1762,2026-04-04,2,Skills workshop,North Center,6,1
JB000559,A,1,25,10,1,1122,1,1,1762,2026-05-25,3,Job placement,North Center,6,1
JB000560,A,1,27,16,0,0,0,1,2275,,,,,,0
JB000561,A,0,47,18,0,0,0,1,3278,,,,,,0
JB000562,A,1,54,16,0,0,1,0,0,2026-03-18,1,Orientation,North Center,4,1
JB000562,A,1,54,16,0,0,1,0,0,2026-04-15,2,Skills workshop,North Center,6,1
JB000562,A,1,54,16,0,0,1,0,0,2026-05-06,3,Job placement,North Center,6,1
JB000563,A,1,27,17,1,2073,0,1,2634,,,,,,0
JB000564,A,0,29,10,0,0,0,0,0,,,,,,0
JB000565,A,1,55,10,1,1353,1,1,2367,,,,,,0
JB000566,A,1,44,12,1,2270,1,1,2679,2026-03-25,1,Orientation,North Center,4,1
JB000567,A,1,35,9,0,0,1,1,2322,2026-03-15,1,Orientation,North Center,4,1
JB000568,A,1,44,17,1,2321,0,1,3306,,,,,,0
JB000569,A,0,55,13,0,0,0,1,2410,,,,,,0
JB000570,A,0,24,13,0,0,0,1,2293,,,,,,0
JB000571,A,1,45,9,1,1629,0,1,1943,,,,,,0
JB000572,A,1,44,17,0,0,1,1,2800,2026-03-19,1,Orientation,North Center,4,1
JB000573,A,0,33,14,1,1884,1,1,2980,,,,,,0
JB000574,A,0,42,11,0,0,1,1,2940,2026-03-06,1,Orientation,North Center,4,1
JB000575,A,0,24,9,0,0,1,0,0,2026-03-20,1,Orientation,North Center,4,1
JB000576,A,1,42,15,0,0,0,0,0,,,,,,0
JB000577,A,1,43,13,0,0,0,1,2867,,,,,,0
JB000578,A,0,35,14,0,0,1,1,2471,2026-03-19,1,Orientation,North Center,4,1
JB000579,A,1,34,17,0,0,0,0,0,,,,,,0
JB000580,A,1,39,12,0,0,0,0,0,,,,,,0
JB000581,A,1,29,17,0,0,0,1,2601,,,,,,0
JB000582,A,1,42,17,0,0,0,1,2756,,,,,,0
JB000583,A,0,21,10,0,0,1,1,1416,2026-03-21,1,Orientation,North Center,4,1
JB000584,A,0,33,10,1,1021,1,1,1586,2026-03-07,1,Orientation,North Center,4,1
JB000584,A,0,33,10,1,1021,1,1,1586,2026-04-08,2,Skills workshop,North Center,6,1
JB000584,A,0,33,10,1,1021,1,1,1586,2026-05-09,3,Job placement,North Center,6,1
JB000585,A,0,26,13,1,2199,0,1,1917,,,,,,0
JB000586,A,1,37,10,0,0,1,1,2138,2026-03-13,1,Orientation,North Center,4,1
JB000587,A,1,43,16,1,2730,1,0,0,,,,,,0
JB000588,A,0,49,11,0,0,1,1,2943,2026-03-12,1,Orientation,North Center,4,1
JB000589,A,0,47,14,1,2555,0,0,0,,,,,,0
JB000590,A,1,25,11,0,0,0,0,0,2026-03-23,1,Orientation,North Center,4,1
JB000591,A,0,46,11,0,0,1,1,1963,2026-03-11,1,Orientation,North Center,4,1
JB000592,A,0,41,13,1,1733,0,1,2960,,,,,,0
JB000593,A,1,38,17,0,0,0,0,0,,,,,,0
JB000594,A,0,51,18,1,2900,1,0,0,,,,,,0
JB000595,A,0,41,9,0,0,1,1,1852,2026-03-06,1,Orientation,North Center,4,1
JB000596,A,1,29,18,1,2557,1,0,0,2026-03-22,1,Orientation,North Center,4,1
JB000596,A,1,29,18,1,2557,1,0,0,2026-04-24,2,Skills workshop,North Center,6,1
JB000597,A,0,38,16,0,0,1,0,0,,,,,,0
JB000598,A,1,38,9,1,1044,1,1,2129,2026-03-03,1,Orientation,North Center,4,1
JB000598,A,1,38,9,1,1044,1,1,2129,2026-04-03,2,Skills workshop,North Center,6,1
JB000599,A,1,55,17,0,0,0,1,3351,,,,,,0
JB000600,A,1,40,13,0,0,0,0,0,,,,,,0
JB000601,B,0,44,11,1,2343,1,0,0,2026-03-17,1,Orientation,East Center,4,1
JB000602,B,0,42,9,0,0,0,0,0,,,,,,0
JB000603,B,0,42,11,1,1493,0,1,2755,,,,,,0
JB000604,B,1,42,17,1,2527,1,1,2815,2026-03-13,1,Orientation,East Center,4,1
JB000605,B,0,19,9,1,1463,1,0,0,2026-03-06,1,Orientation,East Center,4,1
JB000606,B,0,43,16,1,2002,0,0,0,,,,,,0
JB000607,B,0,19,13,0,0,0,1,1944,,,,,,0
JB000608,B,0,54,18,1,2750,1,1,3153,2026-03-26,1,Orientation,East Center,4,1
JB000608,B,0,54,18,1,2750,1,1,3153,2026-04-16,2,Skills workshop,East Center,6,1
JB000609,B,1,33,15,0,0,1,1,3363,2026-03-20,1,Orientation,East Center,4,1
JB000609,B,1,33,15,0,0,1,1,3363,2026-04-21,2,Skills workshop,East Center,6,1
JB000610,B,0,28,18,0,0,0,1,2789,,,,,,0
JB000611,B,0,41,13,0,0,1,1,3289,2026-03-09,1,Orientation,East Center,4,1
JB000612,B,0,23,17,0,0,1,1,2776,2026-03-05,1,Orientation,East Center,4,1
JB000612,B,0,23,17,0,0,1,1,2776,2026-04-07,2,Skills workshop,East Center,6,1
JB000613,B,1,41,12,1,1983,1,0,0,2026-03-18,1,Orientation,East Center,4,1
JB000614,B,1,46,10,0,0,0,0,0,,,,,,0
JB000615,B,1,36,14,0,0,1,0,0,2026-03-08,1,Orientation,East Center,4,1
JB000616,B,1,25,11,1,1693,0,1,1388,,,,,,0
JB000617,B,1,49,9,0,0,0,0,0,,,,,,0
JB000618,B,0,21,18,0,0,0,0,0,,,,,,0
JB000619,B,0,37,15,1,2570,1,1,3154,2026-03-26,1,Orientation,East Center,4,1
JB000620,B,1,34,9,1,1886,1,1,1607,2026-03-06,1,Orientation,East Center,4,1
JB000621,B,0,26,16,1,1873,1,0,0,2026-03-04,1,Orientation,East Center,4,1
JB000621,B,0,26,16,1,1873,1,0,0,2026-04-08,2,Skills workshop,East Center,6,1
JB000621,B,0,26,16,1,1873,1,0,0,2026-05-26,3,Job placement,East Center,6,1
JB000622,B,0,40,9,0,0,1,0,0,2026-03-23,1,Orientation,East Center,4,1
JB000622,B,0,40,9,0,0,1,0,0,2026-04-14,2,Skills workshop,East Center,6,1
JB000622,B,0,40,9,0,0,1,0,0,2026-05-11,3,Job placement,East Center,6,1
JB000623,B,1,41,15,1,2624,0,1,3221,,,,,,0
JB000624,B,0,53,13,1,2693,0,1,3266,,,,,,0
JB000625,B,0,29,14,1,2492,0,1,2964,,,,,,0
JB000626,B,0,48,13,0,0,1,0,0,2026-03-18,1,Orientation,East Center,4,1
JB000627,B,1,31,12,1,2228,0,0,0,,,,,,0
JB000628,B,0,32,18,1,2222,0,1,2527,,,,,,0
JB000629,B,0,41,9,1,1906,1,0,0,2026-03-12,1,Orientation,East Center,4,1
JB000630,B,1,38,16,0,0,1,1,2875,2026-03-03,1,Orientation,East Center,4,1
JB000631,B,0,46,12,0,0,0,0,0,,,,,,0
JB000632,B,0,39,9,0,0,1,1,2440,,,,,,0
JB000633,B,0,51,12,1,1717,1,1,2541,,,,,,0
JB000634,B,1,22,9,0,0,0,1,2252,,,,,,0
JB000635,B,1,55,16,1,2747,0,1,3127,,,,,,0
JB000636,B,1,44,13,0,0,1,0,0,2026-03-09,1,Orientation,East Center,4,1
JB000637,B,1,46,12,1,1952,0,0,0,,,,,,0
JB000638,B,0,22,15,1,2249,1,1,2051,2026-03-08,1,Orientation,East Center,4,1
JB000638,B,0,22,15,1,2249,1,1,2051,2026-04-08,2,Skills workshop,East Center,6,1
JB000639,B,0,45,14,0,0,0,1,2735,,,,,,0
JB000640,B,0,40,18,1,2610,1,1,2911,2026-03-10,1,Orientation,East Center,4,1
JB000640,B,0,40,18,1,2610,1,1,2911,2026-04-18,2,Skills workshop,East Center,6,1
JB000641,B,0,40,10,0,0,0,1,2220,,,,,,0
JB000642,B,0,29,17,0,0,0,1,3133,,,,,,0
JB000643,B,0,24,16,0,0,1,1,2704,2026-03-18,1,Orientation,East Center,4,1
JB000644,B,0,34,12,0,0,0,1,1825,,,,,,0
JB000645,B,0,53,14,1,2011,0,0,0,,,,,,0
JB000646,B,1,20,12,0,0,0,0,0,,,,,,0
JB000647,B,1,47,9,0,0,0,0,0,,,,,,0
JB000648,B,0,23,16,0,0,1,1,2889,2026-03-13,1,Orientation,East Center,4,1
JB000649,B,0,37,9,1,1233,0,0,0,,,,,,0
JB000650,B,1,32,16,0,0,0,1,2280,,,,,,0
JB000651,B,1,43,11,1,1802,1,0,0,2026-03-22,1,Orientation,East Center,4,1
JB000652,B,1,31,11,0,0,0,1,1820,,,,,,0
JB000653,B,0,37,13,1,2168,1,0,0,2026-03-14,1,Orientation,East Center,4,1
JB000653,B,0,37,13,1,2168,1,0,0,2026-04-22,2,Skills workshop,East Center,6,1
JB000654,B,0,28,12,0,0,1,0,0,,,,,,0
JB000655,B,0,25,11,1,2076,0,1,1821,,,,,,0
JB000656,B,1,40,11,0,0,1,1,2373,2026-03-06,1,Orientation,East Center,4,1
JB000656,B,1,40,11,0,0,1,1,2373,2026-04-04,2,Skills workshop,East Center,6,1
JB000657,B,1,49,17,0,0,0,1,2898,,,,,,0
JB000658,B,1,25,10,0,0,0,0,0,2026-03-11,1,Orientation,East Center,4,1
JB000659,B,1,54,10,0,0,1,1,2149,2026-03-25,1,Orientation,East Center,4,1
JB000660,B,0,30,14,0,0,1,0,0,2026-03-13,1,Orientation,East Center,4,1
JB000660,B,0,30,14,0,0,1,0,0,2026-04-13,2,Skills workshop,East Center,6,1
JB000661,B,1,43,9,1,2095,1,0,0,2026-03-14,1,Orientation,East Center,4,1
JB000661,B,1,43,9,1,2095,1,0,0,2026-04-06,2,Skills workshop,East Center,6,1
JB000661,B,1,43,9,1,2095,1,0,0,2026-05-10,3,Job placement,East Center,6,1
JB000662,B,0,22,16,1,2470,1,1,2694,2026-03-06,1,Orientation,East Center,4,1
JB000662,B,0,22,16,1,2470,1,1,2694,2026-04-21,2,Skills workshop,East Center,6,1
JB000663,B,1,36,10,1,1955,1,1,2363,2026-03-09,1,Orientation,East Center,4,1
JB000663,B,1,36,10,1,1955,1,1,2363,2026-04-22,2,Skills workshop,East Center,6,1
JB000663,B,1,36,10,1,1955,1,1,2363,2026-05-07,3,Job placement,East Center,6,1
JB000664,B,0,47,16,1,2766,1,1,2762,2026-03-15,1,Orientation,East Center,4,1
JB000664,B,0,47,16,1,2766,1,1,2762,2026-04-11,2,Skills workshop,East Center,6,1
JB000665,B,0,44,14,0,0,1,1,3025,2026-03-03,1,Orientation,East Center,4,1
JB000666,B,0,27,18,0,0,0,1,3128,,,,,,0
JB000667,B,1,41,18,1,2933,0,0,0,,,,,,0
JB000668,B,0,24,12,0,0,1,1,2371,,,,,,0
JB000669,B,1,26,10,1,1184,1,0,0,2026-03-24,1,Orientation,East Center,4,1
JB000670,B,0,36,9,0,0,1,0,0,2026-03-08,1,Orientation,East Center,4,1
JB000671,B,1,51,15,1,2207,0,0,0,,,,,,0
JB000672,B,0,28,14,1,2393,0,1,2009,,,,,,0
JB000673,B,0,23,9,1,1009,0,1,1980,,,,,,0
JB000674,B,1,49,16,1,2728,1,1,3381,2026-03-13,1,Orientation,East Center,4,1
JB000674,B,1,49,16,1,2728,1,1,3381,2026-04-13,2,Skills workshop,East Center,6,1
JB000675,B,1,31,18,0,0,0,0,0,,,,,,0
JB000676,B,1,32,16,0,0,1,1,2929,2026-03-09,1,Orientation,East Center,4,1
JB000677,B,0,55,12,0,0,1,1,2946,2026-03-10,1,Orientation,East Center,4,1
JB000678,B,0,34,18,0,0,0,1,3113,,,,,,0
JB000679,B,0,43,11,1,1791,1,0,0,2026-03-14,1,Orientation,East Center,4,1
JB000680,B,1,50,14,0,0,1,1,3317,2026-03-23,1,Orientation,East Center,4,1
JB000681,B,1,20,18,1,2747,0,1,2614,,,,,,0
JB000682,B,0,53,10,1,1817,1,0,0,2026-03-15,1,Orientation,East Center,4,1
JB000682,B,0,53,10,1,1817,1,0,0,2026-04-21,2,Skills workshop,East Center,6,1
JB000683,B,0,21,12,0,0,1,1,1996,2026-03-25,1,Orientation,East Center,4,1
JB000684,B,1,23,18,1,2770,0,1,2947,,,,,,0
JB000685,B,1,28,13,0,0,1,1,1956,,,,,,0
JB000686,B,0,44,16,0,0,0,0,0,,,,,,0
JB000687,B,1,25,12,0,0,1,1,2456,2026-03-03,1,Orientation,East Center,4,1
JB000688,B,0,27,12,0,0,1,1,1975,2026-03-17,1,Orientation,East Center,4,1
JB000688,B,0,27,12,0,0,1,1,1975,2026-04-21,2,Skills workshop,East Center,6,1
JB000689,B,1,28,12,1,1600,0,1,1866,,,,,,0
JB000690,B,0,41,16,0,0,0,0,0,,,,,,0
JB000691,B,1,48,9,0,0,1,1,2686,,,,,,0
JB000692,B,1,49,18,1,2369,1,1,3415,2026-03-20,1,Orientation,East Center,4,1
JB000693,B,0,50,16,1,2997,0,1,3106,,,,,,0
JB000694,B,1,29,11,0,0,0,0,0,,,,,,0
JB000695,B,0,43,17,1,2830,1,1,2760,2026-03-19,1,Orientation,East Center,4,1
JB000696,B,1,44,14,0,0,0,1,2469,,,,,,0
JB000697,B,1,50,12,1,1868,1,0,0,2026-03-05,1,Orientation,East Center,4,1
JB000698,B,0,29,17,1,2446,1,1,2650,2026-03-18,1,Orientation,East Center,4,1
JB000699,B,0,29,17,0,0,0,1,2780,,,,,,0
JB000700,B,1,50,15,0,0,1,1,3424,2026-03-09,1,Orientation,East Center,4,1
JB000701,B,0,27,12,1,1997,0,1,1932,,,,,,0
JB000702,B,0,26,11,1,2099,0,1,2409,,,,,,0
JB000703,B,0,27,10,1,1992,1,1,2490,,,,,,0
JB000704,B,0,55,15,0,0,1,1,3234,2026-03-18,1,Orientation,East Center,4,1
JB000705,B,0,24,15,1,2241,0,0,0,,,,,,0
JB000706,B,0,51,9,0,0,1,1,2225,2026-03-08,1,Orientation,East Center,4,1
JB000707,B,0,31,18,0,0,0,0,0,,,,,,0
JB000708,B,0,39,14,1,2600,0,1,2233,,,,,,0
JB000709,B,1,33,17,0,0,1,0,0,2026-03-10,1,Orientation,East Center,4,1
JB000710,B,0,19,10,0,0,0,1,2028,,,,,,0
JB000711,B,0,43,18,1,2478,0,1,2682,2026-03-24,1,Orientation,East Center,4,1
JB000712,B,0,33,17,1,2386,0,1,2867,,,,,,0
JB000713,B,1,29,13,0,0,0,0,0,,,,,,0
JB000714,B,0,55,16,1,2929,1,1,2998,2026-03-23,1,Orientation,East Center,4,1
JB000714,B,0,55,16,1,2929,1,1,2998,2026-04-12,2,Skills workshop,East Center,6,1
JB000715,B,0,35,14,0,0,0,1,1969,,,,,,0
JB000716,B,1,27,15,1,1984,1,1,2247,2026-03-13,1,Orientation,East Center,4,1
JB000717,B,0,44,17,1,2859,1,0,0,2026-03-26,1,Orientation,East Center,4,1
JB000717,B,0,44,17,1,2859,1,0,0,2026-04-11,2,Skills workshop,East Center,6,1
JB000718,B,1,49,16,0,0,1,1,3154,,,,,,0
JB000719,B,0,51,9,1,2070,0,1,1863,,,,,,0
JB000720,B,1,19,18,0,0,0,0,0,,,,,,0
JB000721,B,0,31,9,0,0,1,0,0,2026-03-06,1,Orientation,East Center,4,1
JB000722,B,0,41,10,1,1284,0,1,2496,,,,,,0
JB000723,B,1,41,10,1,1776,1,1,2816,2026-03-03,1,Orientation,East Center,4,1
JB000724,B,1,40,12,0,0,1,1,2139,2026-03-18,1,Orientation,East Center,4,1
JB000725,B,0,29,16,0,0,0,0,0,,,,,,0
JB000726,B,1,39,14,1,2382,0,0,0,,,,,,0
JB000727,B,1,32,13,0,0,0,1,2612,,,,,,0
JB000728,B,1,49,16,1,2326,0,1,3471,,,,,,0
JB000729,B,0,33,9,0,0,1,1,1582,2026-03-03,1,Orientation,East Center,4,1
JB000730,B,0,47,15,1,2857,1,1,2896,2026-03-03,1,Orientation,East Center,4,1
JB000731,B,1,42,9,1,1406,1,1,1825,2026-03-12,1,Orientation,East Center,4,1
JB000732,B,1,19,12,1,1120,1,1,2379,2026-03-18,1,Orientation,East Center,4,1
JB000733,B,0,29,10,1,1074,1,1,1758,,,,,,0
JB000734,B,0,27,13,0,0,0,1,2644,,,,,,0
JB000735,B,1,27,10,0,0,0,0,0,,,,,,0
JB000736,B,0,27,9,1,1721,1,1,2249,,,,,,0
JB000737,B,1,33,16,0,0,0,1,2670,,,,,,0
JB000738,B,0,31,17,1,2711,1,1,3521,2026-03-04,1,Orientation,East Center,4,1
JB000738,B,0,31,17,1,2711,1,1,3521,2026-04-15,2,Skills workshop,East Center,6,1
JB000739,B,1,43,10,1,1623,0,1,1734,,,,,,0
JB000740,B,1,36,18,1,2150,1,1,3611,,,,,,0
JB000741,B,1,48,9,1,1530,0,1,2423,,,,,,0
JB000742,B,0,36,12,0,0,1,1,2851,2026-03-08,1,Orientation,East Center,4,1
JB000743,B,0,31,17,0,0,0,1,2909,,,,,,0
JB000744,B,0,50,13,0,0,1,1,3193,2026-03-20,1,Orientation,East Center,4,1
JB000744,B,0,50,13,0,0,1,1,3193,2026-04-25,2,Skills workshop,East Center,6,1
JB000745,B,1,40,18,1,2898,0,0,0,,,,,,0
JB000746,B,0,44,16,0,0,1,1,2976,2026-03-18,1,Orientation,East Center,4,1
JB000746,B,0,44,16,0,0,1,1,2976,2026-04-25,2,Skills workshop,East Center,6,1
JB000747,B,0,37,9,0,0,0,0,0,,,,,,0
JB000748,B,1,46,11,0,0,1,1,2462,2026-03-25,1,Orientation,East Center,4,1
JB000749,B,0,28,13,0,0,1,1,3042,,,,,,0
JB000750,B,1,39,11,1,2160,0,0,0,2026-03-14,1,Orientation,East Center,4,1
JB000751,B,1,42,17,1,2634,1,1,3771,2026-03-21,1,Orientation,East Center,4,1
JB000752,B,0,53,12,0,0,0,0,0,,,,,,0
JB000753,B,0,22,16,0,0,0,1,2989,,,,,,0
JB000754,B,0,29,15,1,2223,1,1,2549,2026-03-23,1,Orientation,East Center,4,1
JB000755,B,1,34,13,1,1547,0,0,0,,,,,,0
JB000756,B,1,54,9,1,1387,0,1,2230,,,,,,0
JB000757,B,0,22,9,0,0,1,0,0,2026-03-12,1,Orientation,East Center,4,1
JB000758,B,0,30,9,0,0,0,1,1855,,,,,,0
JB000759,B,1,51,17,1,3147,0,1,2978,,,,,,0
JB000760,B,0,51,18,1,2550,1,1,3550,2026-03-13,1,Orientation,East Center,4,1
JB000760,B,0,51,18,1,2550,1,1,3550,2026-04-14,2,Skills workshop,East Center,6,1
JB000761,B,0,42,10,0,0,1,1,2886,2026-03-18,1,Orientation,East Center,4,1
JB000762,B,1,30,14,1,1702,1,0,0,2026-03-14,1,Orientation,East Center,4,1
JB000763,B,1,20,16,0,0,0,0,0,,,,,,0
JB000764,B,0,42,11,0,0,1,1,2329,2026-03-16,1,Orientation,East Center,4,1
JB000764,B,0,42,11,0,0,1,1,2329,2026-04-12,2,Skills workshop,East Center,6,1
JB000765,B,1,40,14,0,0,0,0,0,,,,,,0
JB000766,B,0,36,10,0,0,1,0,0,2026-03-14,1,Orientation,East Center,4,1
JB000767,B,0,30,15,0,0,0,1,2247,,,,,,0
JB000768,B,1,38,15,0,0,1,1,2368,2026-03-07,1,Orientation,East Center,4,1
JB000769,B,0,32,12,0,0,1,1,2624,2026-03-03,1,Orientation,East Center,4,1
JB000770,B,1,46,14,1,1949,1,0,0,2026-03-10,1,Orientation,East Center,4,1
JB000770,B,1,46,14,1,1949,1,0,0,2026-04-11,2,Skills workshop,East Center,6,1
JB000771,B,1,32,18,0,0,1,1,3142,2026-03-12,1,Orientation,East Center,4,1
JB000772,B,0,40,15,1,2332,1,1,3511,2026-03-26,1,Orientation,East Center,4,1
JB000773,B,1,55,13,1,2418,1,1,2666,2026-03-11,1,Orientation,East Center,4,1
JB000774,B,0,21,12,1,1271,1,0,0,2026-03-14,1,Orientation,East Center,4,1
JB000775,B,1,44,11,0,0,0,1,2409,,,,,,0
JB000776,B,0,20,17,1,2214,0,1,2892,,,,,,0
JB000777,B,0,34,10,1,1592,1,1,2304,2026-03-21,1,Orientation,East Center,4,1
JB000778,B,1,25,9,0,0,0,0,0,,,,,,0
JB000779,B,0,35,11,1,1283,0,1,1783,,,,,,0
JB000780,B,1,41,16,0,0,1,0,0,2026-03-22,1,Orientation,East Center,4,1
JB000780,B,1,41,16,0,0,1,0,0,2026-04-12,2,Skills workshop,East Center,6,1
JB000781,B,1,53,14,0,0,0,0,0,,,,,,0
JB000782,B,1,37,16,0,0,1,1,2654,2026-03-09,1,Orientation,East Center,4,1
JB000783,B,0,52,17,0,0,0,1,2864,,,,,,0
JB000784,B,1,45,16,0,0,1,1,3750,2026-03-03,1,Orientation,East Center,4,1
JB000785,B,0,47,14,0,0,0,1,2592,,,,,,0
JB000786,B,1,40,18,0,0,0,0,0,,,,,,0
JB000787,B,0,51,16,0,0,1,0,0,2026-03-12,1,Orientation,East Center,4,1
JB000788,B,1,48,12,0,0,1,1,3159,2026-03-12,1,Orientation,East Center,4,1
JB000789,B,1,33,11,0,0,1,0,0,2026-03-06,1,Orientation,East Center,4,1
JB000790,B,0,44,10,0,0,0,0,0,,,,,,0
JB000791,B,1,38,12,0,0,0,1,2748,2026-03-10,1,Orientation,East Center,4,1
JB000792,B,0,51,10,1,2230,0,0,0,,,,,,0
JB000793,B,0,46,14,1,2377,0,1,2499,,,,,,0
JB000794,B,0,31,18,1,2595,1,1,3745,2026-03-15,1,Orientation,East Center,4,1
JB000795,B,1,40,14,0,0,1,1,2925,2026-03-13,1,Orientation,East Center,4,1
JB000796,B,1,43,12,0,0,1,0,0,,,,,,0
JB000797,B,1,31,12,0,0,0,0,0,,,,,,0
JB000798,B,1,35,13,0,0,1,0,0,2026-03-15,1,Orientation,East Center,4,1
JB000799,B,0,24,12,1,1735,1,0,0,2026-03-22,1,Orientation,East Center,4,1
JB000799,B,0,24,12,1,1735,1,0,0,2026-04-24,2,Skills workshop,East Center,6,1
JB000800,B,0,55,14,1,2136,1,1,3324,2026-03-15,1,Orientation,East Center,4,1
JB000801,B,0,32,10,0,0,0,1,1552,,,,,,0
JB000802,B,0,29,16,0,0,1,1,2886,2026-03-22,1,Orientation,East Center,4,1
JB000802,B,0,29,16,0,0,1,1,2886,2026-04-11,2,Skills workshop,East Center,6,1
JB000803,B,0,32,13,0,0,0,1,2760,,,,,,0
JB000804,B,1,30,12,1,2231,0,1,2577,2026-03-22,1,Orientation,East Center,4,1
JB000805,B,1,41,18,0,0,0,1,3319,,,,,,0
JB000806,B,0,39,14,1,2500,0,0,0,,,,,,0
JB000807,B,1,35,13,1,1873,1,1,2045,2026-03-13,1,Orientation,East Center,4,1
JB000807,B,1,35,13,1,1873,1,1,2045,2026-04-12,2,Skills workshop,East Center,6,1
JB000807,B,1,35,13,1,1873,1,1,2045,2026-05-07,3,Job placement,East Center,6,1
JB000808,B,0,21,18,0,0,1,1,3235,2026-03-06,1,Orientation,East Center,4,1
JB000809,B,0,41,16,1,2567,0,0,0,,,,,,0
JB000810,B,1,24,14,0,0,0,1,2000,,,,,,0
JB000811,B,1,52,17,0,0,1,0,0,,,,,,0
JB000812,B,1,24,9,1,1741,1,1,1630,2026-03-13,1,Orientation,East Center,4,1
JB000813,B,1,53,10,0,0,1,1,2275,2026-03-06,1,Orientation,East Center,4,1
JB000814,B,1,55,13,0,0,1,0,0,2026-03-25,1,Orientation,East Center,4,1
JB000815,B,0,50,16,0,0,0,0,0,,,,,,0
JB000816,B,0,25,9,0,0,0,1,1471,,,,,,0
JB000817,B,1,55,10,0,0,1,1,3067,2026-03-10,1,Orientation,East Center,4,1
JB000817,B,1,55,10,0,0,1,1,3067,2026-04-15,2,Skills workshop,East Center,6,1
JB000817,B,1,55,10,0,0,1,1,3067,2026-05-16,3,Job placement,East Center,6,1
JB000818,B,0,37,13,0,0,0,0,0,,,,,,0
JB000819,B,0,47,13,1,1728,1,1,2316,2026-03-16,1,Orientation,East Center,4,1
JB000820,B,0,52,16,0,0,0,1,2736,,,,,,0
JB000821,B,1,23,17,0,0,0,1,2360,,,,,,0
JB000822,B,0,32,9,0,0,1,1,1949,2026-03-08,1,Orientation,East Center,4,1
JB000823,B,1,40,14,1,2478,1,0,0,2026-03-08,1,Orientation,East Center,4,1
JB000823,B,1,40,14,1,2478,1,0,0,2026-04-11,2,Skills workshop,East Center,6,1
JB000824,B,1,50,9,0,0,1,0,0,2026-03-12,1,Orientation,East Center,4,1
JB000824,B,1,50,9,0,0,1,0,0,2026-04-16,2,Skills workshop,East Center,6,1
JB000825,B,0,28,16,0,0,0,1,2223,,,,,,0
JB000826,B,0,38,18,0,0,0,1,2956,,,,,,0
JB000827,B,0,37,15,0,0,0,1,2255,,,,,,0
JB000828,B,1,50,15,0,0,0,1,3557,,,,,,0
JB000829,B,0,28,12,0,0,0,1,2073,,,,,,0
JB000830,B,0,22,17,1,2561,0,0,0,,,,,,0
JB000831,B,1,38,12,1,1688,1,0,0,2026-03-21,1,Orientation,East Center,4,1
JB000832,B,0,21,12,0,0,0,1,2383,,,,,,0
JB000833,B,1,30,16,0,0,1,1,3405,2026-03-14,1,Orientation,East Center,4,1
JB000834,B,1,33,15,1,2052,1,0,0,2026-03-16,1,Orientation,East Center,4,1
JB000835,B,1,19,16,1,1940,1,0,0,2026-03-08,1,Orientation,East Center,4,1
JB000835,B,1,19,16,1,1940,1,0,0,2026-04-11,2,Skills workshop,East Center,6,1
JB000836,B,0,22,10,1,1200,0,1,2371,,,,,,0
JB000837,B,1,36,17,0,0,0,1,3007,,,,,,0
JB000838,B,1,52,17,1,2480,1,1,3890,2026-03-12,1,Orientation,East Center,4,1
JB000839,B,1,34,15,0,0,0,0,0,,,,,,0
JB000840,B,0,26,18,0,0,1,1,3439,2026-03-26,1,Orientation,East Center,4,1
JB000841,B,0,40,17,1,2514,0,1,3132,,,,,,0
JB000842,B,0,47,15,0,0,1,0,0,2026-03-14,1,Orientation,East Center,4,1
JB000843,B,0,21,13,0,0,1,1,2491,,,,,,0
JB000844,B,0,52,14,1,2516,0,0,0,,,,,,0
JB000845,B,0,41,15,0,0,0,0,0,,,,,,0
JB000846,B,1,52,15,1,2703,0,0,0,,,,,,0
JB000847,B,0,54,17,1,2711,1,1,3685,2026-03-06,1,Orientation,East Center,4,1
JB000848,B,0,39,17,1,2341,1,1,3687,2026-03-23,1,Orientation,East Center,4,1
JB000849,B,0,36,17,0,0,0,0,0,,,,,,0
JB000850,B,0,19,14,0,0,0,0,0,,,,,,0
JB000851,B,1,43,14,1,2363,0,0,0,,,,,,0
JB000852,B,0,41,10,0,0,1,0,0,2026-03-20,1,Orientation,East Center,4,1
JB000853,B,0,46,17,1,2563,0,0,0,,,,,,0
JB000854,B,0,25,11,0,0,0,1,1658,,,,,,0
JB000855,B,1,38,9,1,1952,1,1,2560,2026-03-16,1,Orientation,East Center,4,1
JB000856,B,1,38,18,0,0,1,1,3067,2026-03-09,1,Orientation,East Center,4,1
JB000857,B,1,22,16,1,2059,0,0,0,,,,,,0
JB000858,B,0,24,9,0,0,0,1,2085,,,,,,0
JB000859,B,0,53,16,1,2792,0,1,3209,,,,,,0
JB000860,B,0,23,14,0,0,0,1,2473,,,,,,0
JB000861,B,0,52,17,1,3210,0,0,0,,,,,,0
JB000862,B,0,35,17,0,0,0,0,0,,,,,,0
JB000863,B,0,44,16,1,2541,0,1,2893,,,,,,0
JB000864,B,0,40,13,0,0,1,1,3264,2026-03-26,1,Orientation,East Center,4,1
JB000864,B,0,40,13,0,0,1,1,3264,2026-04-07,2,Skills workshop,East Center,6,1
JB000864,B,0,40,13,0,0,1,1,3264,2026-05-15,3,Job placement,East Center,6,1
JB000865,B,0,23,18,1,2321,1,0,0,2026-03-09,1,Orientation,East Center,4,1
JB000866,B,1,21,18,1,2147,0,1,2872,,,,,,0
JB000867,B,0,19,11,0,0,0,1,1941,,,,,,0
JB000868,B,1,29,15,0,0,1,1,2423,,,,,,0
JB000869,B,1,29,15,1,1915,1,1,2358,2026-03-06,1,Orientation,East Center,4,1
JB000870,B,1,33,11,0,0,0,1,2164,,,,,,0
JB000871,B,1,33,14,1,2007,0,0,0,,,,,,0
JB000872,B,1,30,9,0,0,1,0,0,2026-03-09,1,Orientation,East Center,4,1
JB000873,B,1,33,15,1,1693,1,1,2741,2026-03-26,1,Orientation,East Center,4,1
JB000874,B,0,36,14,1,1865,0,1,2273,,,,,,0
JB000875,B,0,41,15,1,2441,0,1,3180,,,,,,0
JB000876,B,0,42,16,0,0,1,1,3639,2026-03-23,1,Orientation,East Center,4,1
JB000877,B,0,49,10,1,1398,0,1,2069,,,,,,0
JB000878,B,0,32,15,0,0,1,1,3220,2026-03-04,1,Orientation,East Center,4,1
JB000879,B,1,46,12,0,0,1,1,2994,2026-03-13,1,Orientation,East Center,4,1
JB000880,B,1,28,12,0,0,0,0,0,,,,,,0
JB000881,B,1,52,14,1,2340,1,1,2757,2026-03-11,1,Orientation,East Center,4,1
JB000882,B,0,28,11,0,0,1,0,0,2026-03-12,1,Orientation,East Center,4,1
JB000883,B,1,51,14,0,0,1,0,0,2026-03-26,1,Orientation,East Center,4,1
JB000884,B,1,21,12,1,1655,1,0,0,2026-03-05,1,Orientation,East Center,4,1
JB000884,B,1,21,12,1,1655,1,0,0,2026-04-21,2,Skills workshop,East Center,6,1
JB000885,B,1,28,18,1,2348,0,1,2552,,,,,,0
JB000886,B,0,34,9,0,0,1,1,1654,2026-03-09,1,Orientation,East Center,4,1
JB000887,B,0,36,13,0,0,1,0,0,2026-03-17,1,Orientation,East Center,4,1
JB000888,B,1,32,18,1,2197,1,1,3416,,,,,,0
JB000889,B,1,50,17,1,2290,0,0,0,,,,,,0
JB000890,B,1,36,10,0,0,1,0,0,2026-03-24,1,Orientation,East Center,4,1
JB000891,B,0,25,14,0,0,1,1,2011,2026-03-16,1,Orientation,East Center,4,1
JB000892,B,1,26,11,0,0,1,1,2565,2026-03-21,1,Orientation,East Center,4,1
JB000892,B,1,26,11,0,0,1,1,2565,2026-04-26,2,Skills workshop,East Center,6,1
JB000893,B,0,36,14,1,1684,0,0,0,,,,,,0
JB000894,B,0,51,16,1,2099,0,1,2777,,,,,,0
JB000895,B,0,29,10,1,1870,0,0,0,,,,,,0
JB000896,B,0,42,11,1,1463,0,0,0,,,,,,0
JB000897,B,0,44,14,0,0,0,1,3210,,,,,,0
JB000898,B,1,53,18,0,0,0,1,3934,,,,,,0
JB000899,B,1,46,9,0,0,1,0,0,,,,,,0
JB000900,B,1,21,15,1,2401,0,1,2977,,,,,,0
JB000901,B,0,46,14,1,2599,1,1,3410,2026-03-09,1,Orientation,East Center,4,1
JB000902,B,1,32,11,0,0,1,1,2164,2026-03-15,1,Orientation,East Center,4,1
JB000903,B,0,35,10,0,0,1,1,2068,2026-03-11,1,Orientation,East Center,4,1
JB000904,B,0,23,13,0,0,1,1,2934,2026-03-04,1,Orientation,East Center,4,1
JB000905,B,0,43,9,1,1611,0,0,0,,,,,,0
JB000906,B,1,55,15,1,2596,1,1,2758,,,,,,0
JB000907,B,0,27,12,0,0,1,0,0,2026-03-23,1,Orientation,East Center,4,1
JB000908,B,1,41,17,0,0,1,0,0,2026-03-05,1,Orientation,East Center,4,1
JB000909,B,0,20,11,0,0,0,0,0,,,,,,0
JB000910,B,1,41,12,1,2165,1,0,0,2026-03-16,1,Orientation,East Center,4,1
JB000911,B,1,50,10,0,0,0,1,2724,,,,,,0
JB000912,B,0,38,12,0,0,0,1,2326,,,,,,0
JB000913,B,0,50,9,0,0,1,1,2503,2026-03-22,1,Orientation,East Center,4,1
JB000914,B,0,52,16,0,0,0,1,3375,,,,,,0
JB000915,B,0,20,9,0,0,1,1,2168,2026-03-21,1,Orientation,East Center,4,1
JB000916,B,0,23,9,0,0,1,0,0,2026-03-07,1,Orientation,East Center,4,1
JB000916,B,0,23,9,0,0,1,0,0,2026-04-03,2,Skills workshop,East Center,6,1
JB000917,B,0,21,17,0,0,0,0,0,,,,,,0
JB000918,B,0,24,15,0,0,1,0,0,2026-03-16,1,Orientation,East Center,4,1
JB000919,B,1,29,16,0,0,0,1,3207,,,,,,0
JB000920,B,1,30,10,1,1483,1,1,1754,2026-03-08,1,Orientation,East Center,4,1
JB000920,B,1,30,10,1,1483,1,1,1754,2026-04-16,2,Skills workshop,East Center,6,1
JB000921,B,1,20,18,1,2354,1,1,2678,2026-03-07,1,Orientation,East Center,4,1
JB000922,B,0,27,14,1,2086,1,1,2872,2026-03-19,1,Orientation,East Center,4,1
JB000923,B,1,38,12,1,2166,1,1,2539,2026-03-05,1,Orientation,East Center,4,1
JB000924,B,1,32,15,0,0,1,1,3025,2026-03-19,1,Orientation,East Center,4,1
JB000925,B,1,44,12,0,0,1,1,2406,2026-03-21,1,Orientation,East Center,4,1
JB000926,B,1,28,16,0,0,1,1,2912,2026-03-25,1,Orientation,East Center,4,1
JB000926,B,1,28,16,0,0,1,1,2912,2026-04-11,2,Skills workshop,East Center,6,1
JB000927,B,1,54,10,0,0,1,1,2498,2026-03-16,1,Orientation,East Center,4,1
JB000928,B,0,34,13,0,0,0,0,0,,,,,,0
JB000929,B,0,36,14,1,2402,0,1,2318,,,,,,0
JB000930,B,1,45,17,1,2550,0,1,3304,,,,,,0
JB000931,B,0,43,18,0,0,1,0,0,2026-03-20,1,Orientation,East Center,4,1
JB000931,B,0,43,18,0,0,1,0,0,2026-04-26,2,Skills workshop,East Center,6,1
JB000932,B,0,19,14,0,0,0,1,1983,,,,,,0
JB000933,B,0,49,18,0,0,0,1,3731,,,,,,0
JB000934,B,1,31,14,1,1892,0,1,2004,,,,,,0
JB000935,B,1,39,11,1,1767,0,1,1660,,,,,,0
JB000936,B,0,37,14,0,0,0,0,0,,,,,,0
JB000937,B,0,39,10,0,0,0,1,2615,,,,,,0
JB000938,B,1,42,15,1,2780,1,0,0,2026-03-24,1,Orientation,East Center,4,1
JB000939,B,0,22,17,0,0,1,1,2841,2026-03-06,1,Orientation,East Center,4,1
JB000940,B,0,28,18,0,0,0,1,2507,,,,,,0
JB000941,B,0,38,10,1,1788,0,1,2673,,,,,,0
JB000942,B,1,42,12,0,0,0,1,2334,,,,,,0
JB000943,B,1,42,16,0,0,0,1,2702,,,,,,0
JB000944,B,0,48,14,0,0,1,1,3295,2026-03-25,1,Orientation,East Center,4,1
JB000945,B,1,49,9,0,0,0,1,2008,,,,,,0
JB000946,B,0,39,15,0,0,1,1,3096,2026-03-21,1,Orientation,East Center,4,1
JB000947,B,1,22,13,0,0,0,1,1763,,,,,,0
JB000948,B,1,25,12,0,0,1,0,0,2026-03-16,1,Orientation,East Center,4,1
JB000949,B,0,30,10,1,1916,0,1,1571,,,,,,0
JB000950,B,0,51,15,1,2331,0,0,0,,,,,,0
JB000951,B,1,32,12,0,0,0,1,1692,,,,,,0
JB000952,B,1,41,14,0,0,1,0,0,,,,,,0
JB000953,B,0,32,18,0,0,0,0,0,,,,,,0
JB000954,B,0,21,11,0,0,0,1,1705,,,,,,0
JB000955,B,1,26,14,0,0,0,1,2046,,,,,,0
JB000956,B,1,36,14,1,1663,0,1,2404,,,,,,0
JB000957,B,1,24,11,0,0,1,0,0,2026-03-11,1,Orientation,East Center,4,1
JB000957,B,1,24,11,0,0,1,0,0,2026-04-08,2,Skills workshop,East Center,6,1
JB000958,B,1,38,15,0,0,0,0,0,,,,,,0
JB000959,B,1,46,14,1,1840,0,0,0,,,,,,0
JB000960,B,0,27,17,1,2709,1,1,3397,2026-03-21,1,Orientation,East Center,4,1
JB000961,B,0,46,9,1,1365,1,0,0,2026-03-16,1,Orientation,East Center,4,1
JB000962,B,0,26,14,0,0,1,0,0,2026-03-16,1,Orientation,East Center,4,1
JB000963,B,1,31,13,1,1628,1,1,2470,,,,,,0
JB000964,B,0,23,9,0,0,1,1,1398,2026-03-13,1,Orientation,East Center,4,1
JB000965,B,1,37,11,0,0,0,1,2245,,,,,,0
JB000966,B,1,42,9,0,0,1,1,2617,2026-03-06,1,Orientation,East Center,4,1
JB000967,B,0,54,14,1,2472,1,1,3572,2026-03-26,1,Orientation,East Center,4,1
JB000968,B,0,38,18,0,0,1,1,3355,2026-03-25,1,Orientation,East Center,4,1
JB000968,B,0,38,18,0,0,1,1,3355,2026-04-13,2,Skills workshop,East Center,6,1
JB000968,B,0,38,18,0,0,1,1,3355,2026-05-12,3,Job placement,East Center,6,1
JB000969,B,1,51,12,1,2178,1,1,2389,2026-03-20,1,Orientation,East Center,4,1
JB000970,B,1,37,9,0,0,1,1,2520,2026-03-21,1,Orientation,East Center,4,1
JB000970,B,1,37,9,0,0,1,1,2520,2026-04-17,2,Skills workshop,East Center,6,1
JB000970,B,1,37,9,0,0,1,1,2520,2026-05-06,3,Job placement,East Center,6,1
JB000971,B,1,55,15,1,2361,0,1,2811,2026-03-23,1,Orientation,East Center,4,1
JB000972,B,0,28,14,0,0,0,1,2409,,,,,,0
JB000973,B,1,28,11,1,1290,0,0,0,,,,,,0
JB000974,B,0,46,10,0,0,1,1,2713,2026-03-06,1,Orientation,East Center,4,1
JB000975,B,0,51,11,0,0,0,0,0,,,,,,0
JB000976,B,1,31,14,0,0,1,0,0,2026-03-06,1,Orientation,East Center,4,1
JB000977,B,0,42,9,0,0,0,1,1652,,,,,,0
JB000978,B,1,46,12,0,0,0,0,0,,,,,,0
JB000979,B,1,44,15,0,0,0,1,3300,,,,,,0
JB000980,B,1,40,18,1,2349,1,0,0,2026-03-07,1,Orientation,East Center,4,1
JB000981,B,1,40,14,1,2380,0,1,2530,,,,,,0
JB000982,B,1,55,15,0,0,1,1,3119,2026-03-23,1,Orientation,East Center,4,1
JB000983,B,1,38,14,0,0,0,0,0,,,,,,0
JB000984,B,1,19,13,1,2078,0,0,0,2026-03-11,1,Orientation,East Center,4,1
JB000985,B,0,35,11,1,2185,0,1,2723,,,,,,0
JB000986,B,1,32,18,0,0,0,1,2539,,,,,,0
JB000987,B,0,39,14,1,1791,0,0,0,,,,,,0
JB000988,B,1,44,10,0,0,0,1,2569,,,,,,0
JB000989,B,0,26,10,0,0,0,1,1907,,,,,,0
JB000990,B,1,53,11,0,0,0,1,2688,,,,,,0
JB000991,B,0,32,13,0,0,1,1,2087,2026-03-21,1,Orientation,East Center,4,1
JB000992,B,1,49,15,1,2401,1,1,3179,2026-03-17,1,Orientation,East Center,4,1
JB000993,B,1,40,16,1,2661,0,1,2838,,,,,,0
JB000994,B,0,26,13,1,1515,1,1,2385,2026-03-03,1,Orientation,East Center,4,1
JB000995,B,1,37,14,0,0,1,1,2427,2026-03-11,1,Orientation,East Center,4,1
JB000996,B,0,40,14,1,2326,0,1,3166,,,,,,0
JB000997,B,0,28,9,0,0,0,1,2169,,,,,,0
JB000998,B,0,51,16,0,0,0,1,3113,,,,,,0
JB000999,B,0,35,16,1,2704,0,1,2434,,,,,,0
JB001000,B,1,55,14,1,2446,0,1,3122,,,,,,0
JB001001,B,1,34,16,0,0,0,0,0,,,,,,0
JB001002,B,1,29,12,1,1921,1,1,2051,,,,,,0
JB001003,B,0,32,16,0,0,0,1,2855,,,,,,0
JB001004,B,0,22,12,0,0,0,1,2080,,,,,,0
JB001005,B,0,51,9,0,0,1,1,2530,2026-03-21,1,Orientation,East Center,4,1
JB001005,B,0,51,9,0,0,1,1,2530,2026-04-24,2,Skills workshop,East Center,6,1
JB001006,B,1,31,15,1,2007,0,1,2726,,,,,,0
JB001007,B,0,23,16,0,0,1,1,3165,2026-03-04,1,Orientation,East Center,4,1
JB001008,B,0,35,16,1,2242,0,1,3178,,,,,,0
JB001009,B,0,45,14,1,2727,1,1,2601,2026-03-04,1,Orientation,East Center,4,1
JB001009,B,0,45,14,1,2727,1,1,2601,2026-04-06,2,Skills workshop,East Center,6,1
JB001009,B,0,45,14,1,2727,1,1,2601,2026-05-12,3,Job placement,East Center,6,1
JB001010,B,1,29,17,1,2446,0,1,2561,2026-03-23,1,Orientation,East Center,4,1
JB001011,B,0,24,10,1,1610,0,1,1960,,,,,,0
JB001012,B,1,31,11,0,0,1,0,0,2026-03-05,1,Orientation,East Center,4,1
JB001013,B,1,55,17,0,0,1,1,3760,2026-03-17,1,Orientation,East Center,4,1
JB001014,B,0,20,18,0,0,0,1,2268,2026-03-24,1,Orientation,East Center,4,1
JB001015,B,0,23,17,0,0,1,1,2783,,,,,,0
JB001016,B,1,41,13,0,0,0,0,0,,,,,,0
JB001017,B,0,26,13,1,1836,0,1,1877,,,,,,0
JB001018,B,1,42,13,0,0,0,1,2120,,,,,,0
JB001019,B,1,19,11,1,1651,1,1,1906,2026-03-11,1,Orientation,East Center,4,1
JB001020,B,0,35,10,1,2099,1,1,2561,2026-03-25,1,Orientation,East Center,4,1
JB001020,B,0,35,10,1,2099,1,1,2561,2026-04-13,2,Skills workshop,East Center,6,1
JB001021,B,1,43,12,1,2409,1,1,3098,,,,,,0
JB001022,B,0,50,15,1,2594,0,0,0,,,,,,0
JB001023,B,0,46,18,1,2447,0,0,0,,,,,,0
JB001024,B,1,50,17,1,2701,1,0,0,2026-03-20,1,Orientation,East Center,4,1
JB001025,B,0,50,9,1,1483,1,1,2891,2026-03-05,1,Orientation,East Center,4,1
JB001026,B,0,44,9,1,1286,0,0,0,,,,,,0
JB001027,B,1,45,11,1,1960,1,1,2126,2026-03-05,1,Orientation,East Center,4,1
JB001027,B,1,45,11,1,1960,1,1,2126,2026-04-22,2,Skills workshop,East Center,6,1
JB001028,B,1,36,18,0,0,0,1,3343,,,,,,0
JB001029,B,1,43,14,0,0,0,0,0,,,,,,0
JB001030,B,1,52,9,0,0,1,0,0,2026-03-10,1,Orientation,East Center,4,1
JB001031,B,1,30,14,1,1920,1,1,3041,2026-03-11,1,Orientation,East Center,4,1
JB001032,B,0,31,15,0,0,1,0,0,2026-03-17,1,Orientation,East Center,4,1
JB001033,B,1,20,18,1,1895,1,0,0,2026-03-18,1,Orientation,East Center,4,1
JB001034,B,1,50,9,1,1949,1,1,2755,2026-03-17,1,Orientation,East Center,4,1
JB001035,B,1,44,10,0,0,0,0,0,,,,,,0
JB001036,B,0,41,9,0,0,1,1,1700,2026-03-24,1,Orientation,East Center,4,1
JB001037,B,0,38,18,1,3083,0,1,3136,,,,,,0
JB001038,B,0,32,16,0,0,1,1,3349,2026-03-22,1,Orientation,East Center,4,1
JB001039,B,0,22,12,1,1899,0,1,2436,,,,,,0
JB001040,B,0,37,18,1,3065,1,0,0,2026-03-03,1,Orientation,East Center,4,1
JB001040,B,0,37,18,1,3065,1,0,0,2026-04-07,2,Skills workshop,East Center,6,1
JB001041,B,1,39,16,1,2604,1,1,2894,2026-03-25,1,Orientation,East Center,4,1
JB001042,B,1,40,16,1,2292,1,1,3692,2026-03-25,1,Orientation,East Center,4,1
JB001043,B,0,53,10,1,1616,1,1,2221,2026-03-20,1,Orientation,East Center,4,1
JB001043,B,0,53,10,1,1616,1,1,2221,2026-04-21,2,Skills workshop,East Center,6,1
JB001044,B,0,25,13,0,0,0,1,1702,,,,,,0
JB001045,B,1,36,15,0,0,0,0,0,,,,,,0
JB001046,B,1,55,14,1,2089,1,1,3016,,,,,,0
JB001047,B,1,48,15,1,1928,1,1,3144,,,,,,0
JB001048,B,0,26,18,0,0,0,0,0,,,,,,0
JB001049,B,1,51,17,1,2756,0,1,2701,,,,,,0
JB001050,B,0,20,9,0,0,1,0,0,,,,,,0
JB001051,B,1,36,17,0,0,1,0,0,2026-03-11,1,Orientation,East Center,4,1
JB001052,B,0,20,9,0,0,0,1,2120,,,,,,0
JB001053,B,0,27,17,1,1914,0,1,2424,,,,,,0
JB001054,B,1,33,9,0,0,0,0,0,,,,,,0
JB001055,B,1,44,10,1,1791,0,1,2717,2026-03-15,1,Orientation,East Center,4,1
JB001056,B,1,24,11,1,1582,0,0,0,,,,,,0
JB001057,B,0,47,10,0,0,0,1,1983,,,,,,0
JB001058,B,1,46,10,0,0,1,1,2012,2026-03-12,1,Orientation,East Center,4,1
JB001059,B,1,47,12,1,1720,1,1,2989,2026-03-23,1,Orientation,East Center,4,1
JB001060,B,0,25,14,0,0,0,1,2074,,,,,,0
JB001061,B,0,47,15,1,2297,0,1,2663,,,,,,0
JB001062,B,0,22,15,0,0,0,1,2052,,,,,,0
JB001063,B,0,28,10,0,0,1,1,2530,2026-03-12,1,Orientation,East Center,4,1
JB001064,B,0,46,16,0,0,0,0,0,,,,,,0
JB001065,B,1,20,11,0,0,0,0,0,,,,,,0
JB001066,B,0,45,14,1,1866,0,1,2255,,,,,,0
JB001067,B,1,20,14,0,0,1,1,2225,,,,,,0
JB001068,B,1,43,11,0,0,1,0,0,2026-03-15,1,Orientation,East Center,4,1
JB001068,B,1,43,11,0,0,1,0,0,2026-04-20,2,Skills workshop,East Center,6,1
JB001069,B,0,43,9,0,0,0,0,0,,,,,,0
JB001070,B,0,50,12,1,1874,0,0,0,,,,,,0
JB001071,B,0,39,18,0,0,0,1,2939,,,,,,0
JB001072,B,0,22,18,1,2362,0,1,2292,,,,,,0
JB001073,B,0,32,17,0,0,1,1,2687,2026-03-19,1,Orientation,East Center,4,1
JB001073,B,0,32,17,0,0,1,1,2687,2026-04-09,2,Skills workshop,East Center,6,1
JB001074,B,1,47,11,1,1934,1,0,0,2026-03-03,1,Orientation,East Center,4,1
JB001074,B,1,47,11,1,1934,1,0,0,2026-04-21,2,Skills workshop,East Center,6,1
JB001075,B,0,55,14,0,0,0,1,2669,,,,,,0
JB001076,B,0,50,9,0,0,0,0,0,,,,,,0
JB001077,B,0,37,12,0,0,1,1,2371,,,,,,0
JB001078,B,0,38,17,1,2950,1,0,0,2026-03-07,1,Orientation,East Center,4,1
JB001078,B,0,38,17,1,2950,1,0,0,2026-04-26,2,Skills workshop,East Center,6,1
JB001079,B,0,35,9,0,0,0,1,2137,,,,,,0
JB001080,B,0,26,17,1,2375,1,0,0,2026-03-16,1,Orientation,East Center,4,1
JB001080,B,0,26,17,1,2375,1,0,0,2026-04-15,2,Skills workshop,East Center,6,1
JB001080,B,0,26,17,1,2375,1,0,0,2026-05-14,3,Job placement,East Center,6,1
JB001081,B,1,54,12,0,0,1,0,0,2026-03-11,1,Orientation,East Center,4,1
JB001082,B,1,48,18,0,0,1,1,3712,2026-03-21,1,Orientation,East Center,4,1
JB001083,B,0,51,16,1,2302,1,1,3848,2026-03-17,1,Orientation,East Center,4,1
JB001084,B,0,35,9,1,1635,0,0,0,,,,,,0
JB001085,B,1,32,15,1,2641,0,1,2636,,,,,,0
JB001086,B,1,31,10,0,0,1,1,2047,,,,,,0
JB001087,B,0,22,10,1,1736,1,1,2407,2026-03-20,1,Orientation,East Center,4,1
JB001088,B,0,52,12,0,0,1,1,2651,2026-03-25,1,Orientation,East Center,4,1
JB001089,B,1,19,13,0,0,1,0,0,2026-03-22,1,Orientation,East Center,4,1
JB001090,B,1,37,14,0,0,1,1,2836,2026-03-09,1,Orientation,East Center,4,1
JB001090,B,1,37,14,0,0,1,1,2836,2026-04-14,2,Skills workshop,East Center,6,1
JB001091,B,0,50,15,0,0,0,0,0,,,,,,0
JB001092,B,0,31,9,0,0,1,1,2472,2026-03-10,1,Orientation,East Center,4,1
JB001093,B,1,53,11,1,1969,0,0,0,,,,,,0
JB001094,B,1,48,18,0,0,0,1,3239,,,,,,0
JB001095,B,0,31,14,1,1973,0,1,3013,,,,,,0
JB001096,B,0,49,15,1,2016,0,1,2992,,,,,,0
JB001097,B,1,19,14,0,0,1,1,2282,2026-03-23,1,Orientation,East Center,4,1
JB001098,B,1,39,12,1,1604,1,0,0,2026-03-11,1,Orientation,East Center,4,1
JB001099,B,1,28,18,0,0,1,0,0,2026-03-15,1,Orientation,East Center,4,1
JB001100,B,1,31,16,0,0,1,1,2447,2026-03-20,1,Orientation,East Center,4,1
JB001100,B,1,31,16,0,0,1,1,2447,2026-04-12,2,Skills workshop,East Center,6,1
JB001101,B,1,20,17,0,0,1,1,3169,2026-03-26,1,Orientation,East Center,4,1
JB001102,B,1,54,16,1,2491,1,1,3233,2026-03-19,1,Orientation,East Center,4,1
JB001103,B,0,48,15,0,0,1,1,2722,2026-03-06,1,Orientation,East Center,4,1
JB001103,B,0,48,15,0,0,1,1,2722,2026-04-25,2,Skills workshop,East Center,6,1
JB001104,B,0,26,12,1,1500,1,1,2820,2026-03-21,1,Orientation,East Center,4,1
JB001105,B,0,41,10,0,0,0,0,0,,,,,,0
JB001106,B,1,28,11,0,0,1,0,0,2026-03-20,1,Orientation,East Center,4,1
JB001107,B,0,33,18,0,0,1,1,3233,2026-03-24,1,Orientation,East Center,4,1
JB001108,B,0,42,12,0,0,1,1,2761,2026-03-05,1,Orientation,East Center,4,1
JB001108,B,0,42,12,0,0,1,1,2761,2026-04-13,2,Skills workshop,East Center,6,1
JB001109,B,1,19,16,0,0,1,0,0,2026-03-20,1,Orientation,East Center,4,1
JB001110,B,1,25,16,0,0,0,1,3135,,,,,,0
JB001111,B,1,25,18,0,0,1,1,3437,2026-03-12,1,Orientation,East Center,4,1
JB001112,B,0,30,9,0,0,0,1,1779,,,,,,0
JB001113,B,1,28,9,1,1356,1,1,1784,2026-03-14,1,Orientation,East Center,4,1
JB001114,B,0,55,11,1,1884,1,1,2489,,,,,,0
JB001115,B,1,49,18,1,2376,1,0,0,2026-03-10,1,Orientation,East Center,4,1
JB001116,B,1,37,10,0,0,0,1,2405,,,,,,0
JB001117,B,0,41,17,1,2301,0,0,0,,,,,,0
JB001118,B,1,38,18,0,0,1,1,3891,2026-03-25,1,Orientation,East Center,4,1
JB001118,B,1,38,18,0,0,1,1,3891,2026-04-06,2,Skills workshop,East Center,6,1
JB001119,B,1,46,9,0,0,1,1,2104,2026-03-11,1,Orientation,East Center,4,1
JB001120,B,1,42,12,0,0,0,1,2119,,,,,,0
JB001121,B,1,43,10,0,0,0,1,2304,,,,,,0
JB001122,B,0,24,11,0,0,1,1,1782,2026-03-10,1,Orientation,East Center,4,1
JB001122,B,0,24,11,0,0,1,1,1782,2026-04-10,2,Skills workshop,East Center,6,1
JB001123,B,0,22,12,1,1636,1,1,1870,2026-03-11,1,Orientation,East Center,4,1
JB001124,B,0,24,15,0,0,1,1,2672,2026-03-20,1,Orientation,East Center,4,1
JB001124,B,0,24,15,0,0,1,1,2672,2026-04-22,2,Skills workshop,East Center,6,1
JB001124,B,0,24,15,0,0,1,1,2672,2026-05-10,3,Job placement,East Center,6,1
JB001125,B,0,49,10,1,2320,0,1,2096,,,,,,0
JB001126,B,1,35,13,0,0,1,0,0,2026-03-08,1,Orientation,East Center,4,1
JB001127,B,0,21,17,0,0,0,1,2175,,,,,,0
JB001128,B,1,20,16,0,0,1,1,2244,,,,,,0
JB001129,B,1,50,18,0,0,0,1,3254,,,,,,0
JB001130,B,1,42,17,1,2150,1,1,3230,2026-03-05,1,Orientation,East Center,4,1
JB001130,B,1,42,17,1,2150,1,1,3230,2026-04-21,2,Skills workshop,East Center,6,1
JB001131,B,0,49,12,1,1993,0,0,0,,,,,,0
JB001132,B,0,41,11,1,2234,0,0,0,,,,,,0
JB001133,B,1,32,17,1,2620,0,1,3282,,,,,,0
JB001134,B,1,41,17,1,2844,1,1,3348,2026-03-03,1,Orientation,East Center,4,1
JB001135,B,0,35,13,0,0,1,0,0,2026-03-05,1,Orientation,East Center,4,1
JB001136,B,0,43,11,0,0,1,0,0,2026-03-06,1,Orientation,East Center,4,1
JB001137,B,1,36,14,1,2443,0,1,2549,,,,,,0
JB001138,B,0,49,18,1,3147,1,0,0,2026-03-11,1,Orientation,East Center,4,1
JB001139,B,1,30,15,0,0,1,0,0,2026-03-16,1,Orientation,East Center,4,1
JB001140,B,1,30,17,0,0,0,0,0,,,,,,0
JB001141,B,1,42,15,0,0,0,1,3267,,,,,,0
JB001142,B,0,36,10,0,0,1,1,1779,2026-03-25,1,Orientation,East Center,4,1
JB001142,B,0,36,10,0,0,1,1,1779,2026-04-17,2,Skills workshop,East Center,6,1
JB001143,B,0,35,10,1,2036,0,1,2324,,,,,,0
JB001144,B,1,47,17,1,2835,0,1,3132,,,,,,0
JB001145,B,0,54,11,0,0,0,1,3083,,,,,,0
JB001146,B,1,38,12,0,0,0,0,0,,,,,,0
JB001147,B,1,40,18,0,0,1,1,3154,2026-03-09,1,Orientation,East Center,4,1
JB001148,B,1,49,13,1,2203,1,0,0,2026-03-24,1,Orientation,East Center,4,1
JB001149,B,1,22,13,0,0,1,0,0,2026-03-26,1,Orientation,East Center,4,1
JB001150,B,1,28,12,0,0,0,1,2552,,,,,,0
JB001151,B,1,33,9,0,0,0,1,1620,,,,,,0
JB001152,B,0,39,11,1,1447,1,0,0,2026-03-07,1,Orientation,East Center,4,1
JB001152,B,0,39,11,1,1447,1,0,0,2026-04-19,2,Skills workshop,East Center,6,1
JB001152,B,0,39,11,1,1447,1,0,0,2026-05-20,3,Job placement,East Center,6,1
JB001153,B,1,38,17,0,0,1,0,0,2026-03-08,1,Orientation,East Center,4,1
JB001154,B,0,52,16,0,0,0,0,0,,,,,,0
JB001155,B,0,27,12,1,1523,1,1,2338,2026-03-14,1,Orientation,East Center,4,1
JB001156,B,1,23,14,1,2378,0,0,0,,,,,,0
JB001157,B,1,19,14,1,2164,1,1,2795,2026-03-04,1,Orientation,East Center,4,1
JB001158,B,0,29,12,0,0,0,1,2426,,,,,,0
JB001159,B,1,28,17,0,0,1,1,3041,2026-03-15,1,Orientation,East Center,4,1
JB001159,B,1,28,17,0,0,1,1,3041,2026-04-19,2,Skills workshop,East Center,6,1
JB001160,B,0,32,10,0,0,0,0,0,,,,,,0
JB001161,B,1,50,13,1,2672,0,0,0,2026-03-18,1,Orientation,East Center,4,1
JB001162,B,0,36,18,1,2281,0,1,2526,,,,,,0
JB001163,B,1,37,12,0,0,0,0,0,,,,,,0
JB001164,B,1,21,14,1,2253,0,0,0,,,,,,0
JB001165,B,1,26,11,0,0,0,1,2050,,,,,,0
JB001166,B,1,44,18,1,2450,1,0,0,2026-03-11,1,Orientation,East Center,4,1
JB001167,B,0,51,17,0,0,0,0,0,,,,,,0
JB001168,B,0,53,14,1,2695,0,0,0,2026-03-03,1,Orientation,East Center,4,1
JB001169,B,0,48,13,1,1939,1,1,2632,2026-03-05,1,Orientation,East Center,4,1
JB001170,B,0,46,18,1,2302,0,1,2772,,,,,,0
JB001171,B,1,22,18,1,2412,1,1,3346,2026-03-12,1,Orientation,East Center,4,1
JB001172,B,1,28,14,0,0,1,1,2174,2026-03-10,1,Orientation,East Center,4,1
JB001173,B,1,44,17,1,2103,1,0,0,,,,,,0
JB001174,B,1,48,14,1,1991,1,1,3522,2026-03-22,1,Orientation,East Center,4,1
JB001174,B,1,48,14,1,1991,1,1,3522,2026-04-25,2,Skills workshop,East Center,6,1
JB001175,B,0,52,14,1,2727,1,1,2882,2026-03-12,1,Orientation,East Center,4,1
JB001176,B,1,31,16,0,0,1,1,3429,2026-03-23,1,Orientation,East Center,4,1
JB001177,B,1,24,18,1,2484,1,1,3468,2026-03-14,1,Orientation,East Center,4,1
JB001178,B,0,48,14,0,0,0,1,3423,,,,,,0
JB001179,B,1,26,15,0,0,0,1,2858,,,,,,0
JB001180,B,0,53,13,1,2736,1,1,2587,2026-03-12,1,Orientation,East Center,4,1
JB001180,B,0,53,13,1,2736,1,1,2587,2026-04-19,2,Skills workshop,East Center,6,1
JB001180,B,0,53,13,1,2736,1,1,2587,2026-05-22,3,Job placement,East Center,6,1
JB001181,B,1,19,15,1,2252,1,1,2433,2026-03-04,1,Orientation,East Center,4,1
JB001182,B,1,40,17,0,0,1,0,0,2026-03-15,1,Orientation,East Center,4,1
JB001183,B,1,27,14,1,1554,0,1,2602,,,,,,0
JB001184,B,0,55,9,1,2315,1,0,0,2026-03-10,1,Orientation,East Center,4,1
JB001185,B,0,20,13,1,1359,0,0,0,,,,,,0
JB001186,B,1,51,9,0,0,0,0,0,,,,,,0
JB001187,B,1,22,10,0,0,0,0,0,,,,,,0
JB001188,B,0,51,17,1,2911,0,1,2903,,,,,,0
JB001189,B,1,25,9,0,0,0,1,1174,,,,,,0
JB001190,B,1,34,13,0,0,1,1,3144,2026-03-21,1,Orientation,East Center,4,1
JB001191,B,1,21,11,0,0,1,1,1499,2026-03-17,1,Orientation,East Center,4,1
JB001192,B,1,40,10,0,0,0,0,0,,,,,,0
JB001193,B,0,41,11,1,2100,0,0,0,,,,,,0
JB001194,B,0,53,11,1,2173,0,1,3028,,,,,,0
JB001195,B,1,32,13,0,0,0,1,2004,,,,,,0
JB001196,B,1,44,12,0,0,1,1,3058,,,,,,0
JB001197,B,1,30,18,0,0,1,0,0,2026-03-21,1,Orientation,East Center,4,1
JB001198,B,1,41,17,0,0,0,0,0,,,,,,0
JB001199,B,1,44,10,0,0,1,0,0,2026-03-23,1,Orientation,East Center,4,1
JB001200,B,1,54,16,1,2498,1,1,3792,2026-03-04,1,Orientation,East Center,4,1
JB001201,C,1,43,13,0,0,1,0,0,2026-03-15,1,Orientation,Central Center,4,1
JB001202,C,1,45,17,0,0,0,1,2964,,,,,,0
JB001203,C,0,50,16,1,2687,1,1,2809,,,,,,0
JB001204,C,1,55,18,0,0,0,1,3877,,,,,,0
JB001205,C,1,55,15,0,0,1,0,0,2026-03-15,1,Orientation,Central Center,4,1
JB001206,C,0,43,18,1,3260,0,1,3599,,,,,,0
JB001207,C,0,19,14,1,2093,0,1,2155,,,,,,0
JB001208,C,1,19,15,1,1839,0,1,2495,,,,,,0
JB001209,C,1,48,13,1,2446,1,1,3395,2026-03-17,1,Orientation,Central Center,4,1
JB001210,C,1,38,11,1,1807,0,1,2058,,,,,,0
JB001211,C,1,49,15,1,2609,0,0,0,,,,,,0
JB001212,C,1,27,13,0,0,1,1,1992,2026-03-06,1,Orientation,Central Center,4,1
JB001212,C,1,27,13,0,0,1,1,1992,2026-04-21,2,Skills workshop,Central Center,6,1
JB001213,C,1,21,12,1,1672,0,0,0,,,,,,0
JB001214,C,0,53,17,0,0,1,1,3150,2026-03-08,1,Orientation,Central Center,4,1
JB001215,C,0,28,10,0,0,0,0,0,,,,,,0
JB001216,C,0,49,17,0,0,1,1,3551,2026-03-24,1,Orientation,Central Center,4,1
JB001216,C,0,49,17,0,0,1,1,3551,2026-04-16,2,Skills workshop,Central Center,6,1
JB001217,C,1,35,13,1,2475,0,1,2169,,,,,,0
JB001218,C,1,22,17,1,2010,1,0,0,,,,,,0
JB001219,C,0,32,13,1,1821,0,0,0,,,,,,0
JB001220,C,1,46,13,0,0,0,1,2301,,,,,,0
JB001221,C,0,39,18,1,3163,0,1,2975,,,,,,0
JB001222,C,1,24,12,1,1470,0,1,2317,,,,,,0
JB001223,C,0,50,9,0,0,1,1,2508,2026-03-23,1,Orientation,Central Center,4,1
JB001223,C,0,50,9,0,0,1,1,2508,2026-04-05,2,Skills workshop,Central Center,6,1
JB001224,C,1,48,14,0,0,1,1,2555,2026-03-05,1,Orientation,Central Center,4,1
JB001225,C,1,35,14,1,2660,1,1,2913,2026-03-21,1,Orientation,Central Center,4,1
JB001226,C,0,45,16,0,0,0,0,0,,,,,,0
JB001227,C,1,21,15,1,1899,1,1,2519,2026-03-23,1,Orientation,Central Center,4,1
JB001228,C,0,54,14,0,0,1,1,3048,2026-03-24,1,Orientation,Central Center,4,1
JB001229,C,1,38,12,0,0,0,1,2881,,,,,,0
JB001230,C,1,25,14,0,0,0,1,2062,,,,,,0
JB001231,C,0,38,13,0,0,1,0,0,2026-03-22,1,Orientation,Central Center,4,1
JB001232,C,1,46,11,1,1869,0,0,0,,,,,,0
JB001233,C,0,34,11,1,1521,0,0,0,,,,,,0
JB001234,C,0,49,12,1,2173,1,1,2577,2026-03-06,1,Orientation,Central Center,4,1
JB001234,C,0,49,12,1,2173,1,1,2577,2026-04-13,2,Skills workshop,Central Center,6,1
JB001235,C,0,47,11,0,0,1,0,0,2026-03-05,1,Orientation,Central Center,4,1
JB001235,C,0,47,11,0,0,1,0,0,2026-04-04,2,Skills workshop,Central Center,6,1
JB001236,C,1,24,12,1,1382,0,0,0,,,,,,0
JB001237,C,0,47,18,1,2993,1,0,0,,,,,,0
JB001238,C,0,47,11,0,0,0,0,0,,,,,,0
JB001239,C,0,26,10,1,1949,0,1,1935,,,,,,0
JB001240,C,0,46,18,1,3343,0,1,3823,,,,,,0
JB001241,C,0,41,17,0,0,1,1,3208,2026-03-03,1,Orientation,Central Center,4,1
JB001242,C,1,51,16,0,0,1,1,2934,2026-03-21,1,Orientation,Central Center,4,1
JB001243,C,0,48,12,1,2220,0,0,0,,,,,,0
JB001244,C,1,31,15,1,1855,0,1,2942,,,,,,0
JB001245,C,0,35,17,1,2173,0,1,3389,,,,,,0
JB001246,C,1,42,17,0,0,1,1,3288,2026-03-03,1,Orientation,Central Center,4,1
JB001247,C,1,49,17,1,2727,0,1,3370,,,,,,0
JB001248,C,1,25,12,1,2289,1,1,1889,,,,,,0
JB001249,C,0,32,15,0,0,0,0,0,,,,,,0
JB001250,C,0,28,12,1,1847,1,0,0,2026-03-08,1,Orientation,Central Center,4,1
JB001251,C,1,34,9,0,0,1,1,2709,2026-03-04,1,Orientation,Central Center,4,1
JB001252,C,1,28,14,1,2456,1,0,0,2026-03-03,1,Orientation,Central Center,4,1
JB001252,C,1,28,14,1,2456,1,0,0,2026-04-04,2,Skills workshop,Central Center,6,1
JB001253,C,0,50,12,0,0,1,1,2348,2026-03-14,1,Orientation,Central Center,4,1
JB001254,C,1,28,13,0,0,1,1,2302,2026-03-22,1,Orientation,Central Center,4,1
JB001255,C,0,22,13,0,0,0,1,2011,,,,,,0
JB001256,C,0,40,10,0,0,0,1,2088,,,,,,0
JB001257,C,0,31,14,0,0,1,0,0,,,,,,0
JB001258,C,0,52,14,0,0,0,0,0,,,,,,0
JB001259,C,1,47,11,0,0,1,1,2804,2026-03-06,1,Orientation,Central Center,4,1
JB001260,C,1,20,15,1,1728,1,1,2601,2026-03-05,1,Orientation,Central Center,4,1
JB001260,C,1,20,15,1,1728,1,1,2601,2026-04-17,2,Skills workshop,Central Center,6,1
JB001261,C,1,55,10,0,0,0,0,0,,,,,,0
JB001262,C,1,42,18,0,0,0,1,3020,,,,,,0
JB001263,C,0,23,12,1,1759,0,1,2173,,,,,,0
JB001264,C,1,27,15,0,0,1,1,2258,,,,,,0
JB001265,C,1,47,14,1,1976,1,1,2861,2026-03-18,1,Orientation,Central Center,4,1
JB001266,C,0,25,13,1,2429,1,0,0,2026-03-08,1,Orientation,Central Center,4,1
JB001267,C,0,39,11,1,1958,0,0,0,,,,,,0
JB001268,C,0,32,12,0,0,0,1,1937,,,,,,0
JB001269,C,1,20,16,0,0,0,1,2188,,,,,,0
JB001270,C,1,52,14,1,2735,0,1,2671,2026-03-14,1,Orientation,Central Center,4,1
JB001271,C,0,53,14,1,2689,0,0,0,,,,,,0
JB001272,C,1,33,14,0,0,0,1,2703,,,,,,0
JB001273,C,0,22,10,1,1893,0,1,1488,,,,,,0
JB001274,C,1,23,14,1,2329,0,1,2509,,,,,,0
JB001275,C,1,21,18,0,0,1,1,2493,,,,,,0
JB001276,C,0,32,9,0,0,1,1,2689,2026-03-11,1,Orientation,Central Center,4,1
JB001277,C,1,49,15,1,3041,1,1,2959,,,,,,0
JB001278,C,1,36,17,1,2676,1,0,0,2026-03-08,1,Orientation,Central Center,4,1
JB001279,C,0,49,16,0,0,0,0,0,,,,,,0
JB001280,C,0,51,16,0,0,0,0,0,,,,,,0
JB001281,C,0,19,17,1,2768,0,1,2524,,,,,,0
JB001282,C,0,25,16,1,2219,1,1,3277,2026-03-21,1,Orientation,Central Center,4,1
JB001283,C,1,53,16,1,2331,0,0,0,2026-03-18,1,Orientation,Central Center,4,1
JB001284,C,0,28,15,1,2075,0,1,2797,,,,,,0
JB001285,C,0,47,17,1,2833,1,1,3547,2026-03-05,1,Orientation,Central Center,4,1
JB001286,C,0,38,18,1,2387,0,1,3479,,,,,,0
JB001287,C,1,37,16,0,0,0,0,0,,,,,,0
JB001288,C,0,55,11,1,2684,0,1,2478,,,,,,0
JB001289,C,0,27,15,0,0,1,0,0,2026-03-14,1,Orientation,Central Center,4,1
JB001290,C,0,36,15,1,2656,0,0,0,,,,,,0
JB001291,C,1,45,12,1,1846,0,1,2338,,,,,,0
JB001292,C,0,29,18,1,2536,1,1,3572,2026-03-07,1,Orientation,Central Center,4,1
JB001293,C,0,32,17,1,2557,0,1,2997,,,,,,0
JB001294,C,0,48,16,1,2301,0,0,0,,,,,,0
JB001295,C,0,30,17,1,2816,1,1,3037,2026-03-04,1,Orientation,Central Center,4,1
JB001296,C,0,48,9,1,1979,0,1,2787,,,,,,0
JB001297,C,0,53,15,1,2152,1,1,3484,2026-03-08,1,Orientation,Central Center,4,1
JB001298,C,1,54,14,0,0,0,0,0,2026-03-06,1,Orientation,Central Center,4,1
JB001299,C,0,34,16,0,0,0,1,3150,,,,,,0
JB001300,C,0,40,15,1,2036,0,1,3043,,,,,,0
JB001301,C,1,49,18,0,0,0,1,3642,,,,,,0
JB001302,C,1,40,9,0,0,0,0,0,2026-03-25,1,Orientation,Central Center,4,1
JB001303,C,1,28,15,0,0,0,1,2516,,,,,,0
JB001304,C,0,39,15,0,0,0,1,2561,,,,,,0
JB001305,C,1,24,18,1,2020,0,0,0,,,,,,0
JB001306,C,0,38,14,1,1897,1,1,3400,2026-03-14,1,Orientation,Central Center,4,1
JB001307,C,1,46,15,1,2187,1,0,0,2026-03-24,1,Orientation,Central Center,4,1
JB001308,C,0,37,10,0,0,1,1,2627,2026-03-23,1,Orientation,Central Center,4,1
JB001309,C,1,25,12,1,2056,0,1,1629,,,,,,0
JB001310,C,0,51,13,1,2392,0,1,3169,,,,,,0
JB001311,C,1,54,17,0,0,0,0,0,,,,,,0
JB001312,C,1,44,16,1,2632,0,0,0,,,,,,0
JB001313,C,1,55,12,0,0,1,1,3472,2026-03-15,1,Orientation,Central Center,4,1
JB001314,C,1,20,18,1,2055,0,1,3076,,,,,,0
JB001315,C,0,43,14,0,0,1,0,0,,,,,,0
JB001316,C,0,33,10,1,1273,0,0,0,,,,,,0
JB001317,C,1,22,12,1,1509,0,1,2274,,,,,,0
JB001318,C,0,28,10,0,0,0,0,0,,,,,,0
JB001319,C,1,36,15,1,2034,0,0,0,,,,,,0
JB001320,C,1,42,15,0,0,0,1,2918,,,,,,0
JB001321,C,1,31,13,1,2397,1,1,2695,2026-03-08,1,Orientation,Central Center,4,1
JB001322,C,0,29,17,1,2177,0,1,3330,,,,,,0
JB001323,C,1,48,10,1,1728,1,1,2245,2026-03-23,1,Orientation,Central Center,4,1
JB001324,C,0,49,11,1,2065,1,1,3258,2026-03-12,1,Orientation,Central Center,4,1
JB001325,C,0,42,16,0,0,0,0,0,,,,,,0
JB001326,C,0,35,11,0,0,1,0,0,2026-03-09,1,Orientation,Central Center,4,1
JB001326,C,0,35,11,0,0,1,0,0,2026-04-23,2,Skills workshop,Central Center,6,1
JB001327,C,0,54,14,1,2689,1,1,3292,,,,,,0
JB001328,C,1,48,9,0,0,0,0,0,,,,,,0
JB001329,C,0,23,12,1,1699,0,0,0,,,,,,0
JB001330,C,1,19,11,1,1887,0,1,2368,,,,,,0
JB001331,C,1,34,16,1,2008,0,0,0,,,,,,0
JB001332,C,1,22,9,1,1066,1,1,1791,2026-03-24,1,Orientation,Central Center,4,1
JB001332,C,1,22,9,1,1066,1,1,1791,2026-04-22,2,Skills workshop,Central Center,6,1
JB001333,C,1,24,16,1,1953,0,0,0,,,,,,0
JB001334,C,0,19,11,1,1237,0,1,2185,,,,,,0
JB001335,C,0,23,18,1,2903,1,1,2893,2026-03-13,1,Orientation,Central Center,4,1
JB001336,C,1,45,10,0,0,0,1,2164,,,,,,0
JB001337,C,0,31,11,0,0,1,1,2805,2026-03-23,1,Orientation,Central Center,4,1
JB001337,C,0,31,11,0,0,1,1,2805,2026-04-08,2,Skills workshop,Central Center,6,1
JB001338,C,0,44,15,1,2051,1,1,2739,2026-03-19,1,Orientation,Central Center,4,1
JB001339,C,1,34,10,1,1273,1,0,0,2026-03-12,1,Orientation,Central Center,4,1
JB001339,C,1,34,10,1,1273,1,0,0,2026-04-05,2,Skills workshop,Central Center,6,1
JB001340,C,1,54,10,1,2061,0,1,2744,,,,,,0
JB001341,C,1,28,9,0,0,0,1,2207,,,,,,0
JB001342,C,1,52,16,0,0,0,1,3184,,,,,,0
JB001343,C,0,23,15,0,0,0,1,2167,,,,,,0
JB001344,C,1,38,10,1,1826,1,1,1826,2026-03-19,1,Orientation,Central Center,4,1
JB001345,C,0,54,16,1,2531,0,0,0,,,,,,0
JB001346,C,0,23,9,1,1809,1,0,0,2026-03-08,1,Orientation,Central Center,4,1
JB001347,C,0,30,11,1,1978,1,0,0,2026-03-17,1,Orientation,Central Center,4,1
JB001348,C,1,42,16,1,3044,0,1,3479,,,,,,0
JB001349,C,1,50,14,0,0,1,0,0,2026-03-11,1,Orientation,Central Center,4,1
JB001350,C,0,24,18,1,2110,0,0,0,,,,,,0
JB001351,C,1,19,13,0,0,0,1,2158,,,,,,0
JB001352,C,0,46,17,1,3233,1,1,3172,2026-03-03,1,Orientation,Central Center,4,1
JB001353,C,1,55,13,0,0,1,0,0,2026-03-15,1,Orientation,Central Center,4,1
JB001354,C,0,32,10,1,1236,1,1,1705,2026-03-12,1,Orientation,Central Center,4,1
JB001355,C,1,42,10,0,0,1,1,2846,2026-03-04,1,Orientation,Central Center,4,1
JB001356,C,0,54,16,0,0,1,1,3568,2026-03-13,1,Orientation,Central Center,4,1
JB001357,C,0,42,14,0,0,0,0,0,,,,,,0
JB001358,C,0,50,18,0,0,1,1,4181,2026-03-25,1,Orientation,Central Center,4,1
JB001359,C,0,29,12,1,1417,0,1,2333,,,,,,0
JB001360,C,1,46,11,1,2104,1,1,2387,2026-03-26,1,Orientation,Central Center,4,1
JB001361,C,0,33,12,0,0,1,1,2288,2026-03-21,1,Orientation,Central Center,4,1
JB001362,C,0,48,13,1,2363,0,1,2341,,,,,,0
JB001363,C,1,28,14,1,2308,1,1,2976,2026-03-22,1,Orientation,Central Center,4,1
JB001364,C,0,22,13,1,1975,1,0,0,2026-03-06,1,Orientation,Central Center,4,1
JB001364,C,0,22,13,1,1975,1,0,0,2026-04-03,2,Skills workshop,Central Center,6,1
JB001364,C,0,22,13,1,1975,1,0,0,2026-05-22,3,Job placement,Central Center,6,1
JB001365,C,1,21,14,1,1553,1,1,2190,2026-03-05,1,Orientation,Central Center,4,1
JB001366,C,1,49,11,1,2008,1,0,0,2026-03-04,1,Orientation,Central Center,4,1
JB001366,C,1,49,11,1,2008,1,0,0,2026-04-12,2,Skills workshop,Central Center,6,1
JB001366,C,1,49,11,1,2008,1,0,0,2026-05-11,3,Job placement,Central Center,6,1
JB001367,C,1,40,17,1,2246,0,1,2759,,,,,,0
JB001368,C,1,55,10,1,1987,0,1,2744,,,,,,0
JB001369,C,1,23,13,0,0,1,1,2904,2026-03-26,1,Orientation,Central Center,4,1
JB001369,C,1,23,13,0,0,1,1,2904,2026-04-19,2,Skills workshop,Central Center,6,1
JB001370,C,1,33,17,1,2388,0,1,3513,,,,,,0
JB001371,C,0,54,18,1,2930,0,0,0,,,,,,0
JB001372,C,1,34,13,0,0,1,1,2637,2026-03-24,1,Orientation,Central Center,4,1
JB001373,C,0,24,17,0,0,0,1,2722,,,,,,0
JB001374,C,0,21,9,1,1650,1,1,2414,2026-03-09,1,Orientation,Central Center,4,1
JB001374,C,0,21,9,1,1650,1,1,2414,2026-04-10,2,Skills workshop,Central Center,6,1
JB001375,C,1,50,15,0,0,1,1,3484,2026-03-21,1,Orientation,Central Center,4,1
JB001376,C,0,43,13,1,2359,1,1,3221,2026-03-08,1,Orientation,Central Center,4,1
JB001377,C,0,47,15,0,0,1,0,0,2026-03-13,1,Orientation,Central Center,4,1
JB001377,C,0,47,15,0,0,1,0,0,2026-04-13,2,Skills workshop,Central Center,6,1
JB001378,C,0,24,12,1,1677,0,0,0,,,,,,0
JB001379,C,0,26,12,1,2136,1,1,1846,2026-03-17,1,Orientation,Central Center,4,1
JB001379,C,0,26,12,1,2136,1,1,1846,2026-04-20,2,Skills workshop,Central Center,6,1
JB001379,C,0,26,12,1,2136,1,1,1846,2026-05-07,3,Job placement,Central Center,6,1
JB001380,C,1,29,14,0,0,1,1,2990,2026-03-15,1,Orientation,Central Center,4,1
JB001381,C,0,36,13,0,0,0,1,2556,,,,,,0
JB001382,C,0,25,11,1,1534,0,0,0,,,,,,0
JB001383,C,0,54,16,1,3221,1,1,3419,2026-03-24,1,Orientation,Central Center,4,1
JB001384,C,1,47,16,0,0,1,1,3337,2026-03-04,1,Orientation,Central Center,4,1
JB001385,C,1,23,10,0,0,1,1,1622,2026-03-16,1,Orientation,Central Center,4,1
JB001385,C,1,23,10,0,0,1,1,1622,2026-04-16,2,Skills workshop,Central Center,6,1
JB001385,C,1,23,10,0,0,1,1,1622,2026-05-19,3,Job placement,Central Center,6,1
JB001386,C,1,44,17,1,2265,0,0,0,,,,,,0
JB001387,C,0,55,13,0,0,0,1,3053,,,,,,0
JB001388,C,0,50,16,0,0,0,1,2919,,,,,,0
JB001389,C,0,22,18,1,2336,1,1,3349,2026-03-19,1,Orientation,Central Center,4,1
JB001390,C,0,42,11,0,0,0,1,1839,,,,,,0
JB001391,C,0,40,12,0,0,1,1,2820,2026-03-16,1,Orientation,Central Center,4,1
JB001392,C,0,24,17,0,0,0,0,0,,,,,,0
JB001393,C,0,53,13,1,2606,0,1,2577,,,,,,0
JB001394,C,1,49,18,0,0,1,0,0,2026-03-04,1,Orientation,Central Center,4,1
JB001395,C,1,23,12,0,0,0,1,2644,,,,,,0
JB001396,C,0,40,14,1,2638,1,1,3472,2026-03-07,1,Orientation,Central Center,4,1
JB001396,C,0,40,14,1,2638,1,1,3472,2026-04-10,2,Skills workshop,Central Center,6,1
JB001397,C,0,48,12,1,2489,1,1,3327,,,,,,0
JB001398,C,0,21,9,0,0,1,1,2450,2026-03-21,1,Orientation,Central Center,4,1
JB001398,C,0,21,9,0,0,1,1,2450,2026-04-24,2,Skills workshop,Central Center,6,1
JB001399,C,0,53,13,1,2155,1,0,0,2026-03-09,1,Orientation,Central Center,4,1
JB001400,C,0,40,16,1,2255,1,1,3207,,,,,,0
JB001401,C,1,55,10,0,0,0,0,0,,,,,,0
JB001402,C,0,22,11,1,1205,1,0,0,2026-03-09,1,Orientation,Central Center,4,1
JB001403,C,1,47,13,1,1818,1,1,3386,2026-03-16,1,Orientation,Central Center,4,1
JB001403,C,1,47,13,1,1818,1,1,3386,2026-04-07,2,Skills workshop,Central Center,6,1
JB001404,C,1,37,9,0,0,1,0,0,,,,,,0
JB001405,C,0,55,11,1,1825,1,1,3121,2026-03-21,1,Orientation,Central Center,4,1
JB001405,C,0,55,11,1,1825,1,1,3121,2026-04-11,2,Skills workshop,Central Center,6,1
JB001406,C,1,52,11,0,0,0,0,0,,,,,,0
JB001407,C,0,50,13,0,0,1,0,0,2026-03-03,1,Orientation,Central Center,4,1
JB001408,C,1,34,14,0,0,0,0,0,,,,,,0
JB001409,C,1,44,9,1,2242,1,1,2144,2026-03-25,1,Orientation,Central Center,4,1
JB001410,C,0,37,18,0,0,0,0,0,,,,,,0
JB001411,C,0,40,18,0,0,1,1,3987,2026-03-14,1,Orientation,Central Center,4,1
JB001412,C,0,27,16,1,2401,1,1,2612,2026-03-05,1,Orientation,Central Center,4,1
JB001413,C,0,54,10,1,2442,0,0,0,,,,,,0
JB001414,C,0,29,17,0,0,0,1,2511,,,,,,0
JB001415,C,0,39,10,1,1984,0,1,2428,,,,,,0
JB001416,C,1,33,9,0,0,1,1,1832,2026-03-05,1,Orientation,Central Center,4,1
JB001416,C,1,33,9,0,0,1,1,1832,2026-04-22,2,Skills workshop,Central Center,6,1
JB001416,C,1,33,9,0,0,1,1,1832,2026-05-16,3,Job placement,Central Center,6,1
JB001417,C,1,43,18,0,0,1,0,0,2026-03-24,1,Orientation,Central Center,4,1
JB001418,C,1,35,16,0,0,0,1,2810,,,,,,0
JB001419,C,0,39,13,1,2267,1,1,3220,,,,,,0
JB001420,C,1,52,13,1,2355,0,1,3334,,,,,,0
JB001421,C,1,20,18,1,2074,1,0,0,2026-03-21,1,Orientation,Central Center,4,1
JB001422,C,1,22,13,0,0,0,1,2126,,,,,,0
JB001423,C,1,55,13,0,0,1,1,3208,2026-03-25,1,Orientation,Central Center,4,1
JB001424,C,0,48,11,1,2565,0,0,0,,,,,,0
JB001425,C,0,44,11,1,1952,0,1,2558,2026-03-10,1,Orientation,Central Center,4,1
JB001426,C,1,46,10,0,0,1,0,0,2026-03-15,1,Orientation,Central Center,4,1
JB001427,C,1,24,18,1,2094,0,0,0,,,,,,0
JB001428,C,0,53,12,0,0,1,1,2675,2026-03-14,1,Orientation,Central Center,4,1
JB001428,C,0,53,12,0,0,1,1,2675,2026-04-14,2,Skills workshop,Central Center,6,1
JB001429,C,0,47,10,0,0,1,0,0,2026-03-11,1,Orientation,Central Center,4,1
JB001429,C,0,47,10,0,0,1,0,0,2026-04-10,2,Skills workshop,Central Center,6,1
JB001430,C,0,54,9,1,2366,1,1,3037,2026-03-11,1,Orientation,Central Center,4,1
JB001431,C,1,22,15,0,0,1,0,0,2026-03-23,1,Orientation,Central Center,4,1
JB001431,C,1,22,15,0,0,1,0,0,2026-04-18,2,Skills workshop,Central Center,6,1
JB001431,C,1,22,15,0,0,1,0,0,2026-05-19,3,Job placement,Central Center,6,1
JB001432,C,1,28,14,1,2098,1,0,0,2026-03-05,1,Orientation,Central Center,4,1
JB001432,C,1,28,14,1,2098,1,0,0,2026-04-19,2,Skills workshop,Central Center,6,1
JB001433,C,1,23,11,0,0,1,1,2279,2026-03-05,1,Orientation,Central Center,4,1
JB001434,C,1,39,15,0,0,0,0,0,,,,,,0
JB001435,C,0,29,10,1,2075,0,1,1726,,,,,,0
JB001436,C,1,25,15,1,2363,1,1,2887,2026-03-21,1,Orientation,Central Center,4,1
JB001437,C,1,23,14,1,2217,0,0,0,,,,,,0
JB001438,C,0,36,12,1,2221,0,1,2666,,,,,,0
JB001439,C,1,38,12,0,0,1,1,2891,2026-03-05,1,Orientation,Central Center,4,1
JB001440,C,0,32,9,0,0,1,1,1598,2026-03-19,1,Orientation,Central Center,4,1
JB001441,C,0,47,18,1,3363,1,1,3243,2026-03-12,1,Orientation,Central Center,4,1
JB001442,C,0,47,11,1,1797,0,1,2998,,,,,,0
JB001443,C,0,38,17,1,2199,0,1,3527,,,,,,0
JB001444,C,0,31,14,1,2474,1,1,3030,2026-03-10,1,Orientation,Central Center,4,1
JB001445,C,1,30,18,0,0,0,1,2919,,,,,,0
JB001446,C,0,45,14,0,0,0,0,0,,,,,,0
JB001447,C,1,27,14,1,2240,1,0,0,2026-03-14,1,Orientation,Central Center,4,1
JB001448,C,0,49,9,1,1740,0,0,0,,,,,,0
JB001449,C,0,41,18,1,3047,1,1,3301,2026-03-05,1,Orientation,Central Center,4,1
JB001450,C,1,29,14,1,1740,0,0,0,,,,,,0
JB001451,C,1,20,13,0,0,1,1,2460,2026-03-26,1,Orientation,Central Center,4,1
JB001452,C,1,49,18,0,0,1,1,3630,2026-03-22,1,Orientation,Central Center,4,1
JB001452,C,1,49,18,0,0,1,1,3630,2026-04-22,2,Skills workshop,Central Center,6,1
JB001453,C,1,31,9,0,0,0,1,1629,,,,,,0
JB001454,C,1,52,16,1,3134,1,1,3607,2026-03-11,1,Orientation,Central Center,4,1
JB001455,C,1,36,18,0,0,0,1,2833,,,,,,0
JB001456,C,1,47,15,0,0,1,0,0,2026-03-07,1,Orientation,Central Center,4,1
JB001457,C,0,39,17,1,2644,1,0,0,2026-03-17,1,Orientation,Central Center,4,1
JB001457,C,0,39,17,1,2644,1,0,0,2026-04-23,2,Skills workshop,Central Center,6,1
JB001457,C,0,39,17,1,2644,1,0,0,2026-05-19,3,Job placement,Central Center,6,1
JB001458,C,1,42,14,0,0,1,1,2550,2026-03-07,1,Orientation,Central Center,4,1
JB001459,C,0,48,9,1,2005,0,0,0,,,,,,0
JB001460,C,0,19,11,1,1857,1,0,0,2026-03-22,1,Orientation,Central Center,4,1
JB001461,C,1,30,10,1,1280,0,0,0,,,,,,0
JB001462,C,1,48,14,1,2861,1,0,0,2026-03-17,1,Orientation,Central Center,4,1
JB001463,C,0,33,12,0,0,1,1,2572,2026-03-20,1,Orientation,Central Center,4,1
JB001464,C,0,43,15,0,0,0,1,2801,,,,,,0
JB001465,C,1,51,15,1,2570,1,1,3509,2026-03-05,1,Orientation,Central Center,4,1
JB001465,C,1,51,15,1,2570,1,1,3509,2026-04-23,2,Skills workshop,Central Center,6,1
JB001466,C,1,44,13,1,2731,1,1,2831,2026-03-13,1,Orientation,Central Center,4,1
JB001467,C,1,42,10,0,0,1,1,1967,2026-03-04,1,Orientation,Central Center,4,1
JB001468,C,1,28,18,1,2234,1,1,3760,2026-03-11,1,Orientation,Central Center,4,1
JB001469,C,0,45,16,1,2663,0,0,0,,,,,,0
JB001470,C,1,50,18,0,0,0,0,0,,,,,,0
JB001471,C,0,34,14,0,0,0,0,0,,,,,,0
JB001472,C,1,19,11,1,1968,0,1,2387,,,,,,0
JB001473,C,0,26,14,1,1835,0,0,0,,,,,,0
JB001474,C,0,37,12,0,0,1,1,2298,2026-03-08,1,Orientation,Central Center,4,1
JB001475,C,0,54,14,0,0,1,1,2829,2026-03-22,1,Orientation,Central Center,4,1
JB001476,C,1,20,17,0,0,0,0,0,,,,,,0
JB001477,C,0,35,13,1,1754,1,0,0,2026-03-08,1,Orientation,Central Center,4,1
JB001478,C,0,43,16,0,0,1,1,3241,2026-03-19,1,Orientation,Central Center,4,1
JB001479,C,0,49,17,0,0,0,1,2960,,,,,,0
JB001480,C,0,19,17,1,2787,0,0,0,,,,,,0
JB001481,C,1,44,15,1,2955,1,0,0,2026-03-23,1,Orientation,Central Center,4,1
JB001482,C,0,19,16,1,1764,0,1,2854,,,,,,0
JB001483,C,1,46,13,0,0,0,1,3186,,,,,,0
JB001484,C,0,24,15,1,1974,1,0,0,2026-03-08,1,Orientation,Central Center,4,1
JB001485,C,1,33,11,0,0,1,1,2226,2026-03-08,1,Orientation,Central Center,4,1
JB001486,C,0,44,13,0,0,1,0,0,2026-03-16,1,Orientation,Central Center,4,1
JB001487,C,0,34,9,0,0,0,1,2022,,,,,,0
JB001488,C,0,42,15,1,2619,1,0,0,2026-03-21,1,Orientation,Central Center,4,1
JB001489,C,1,25,11,0,0,1,1,1684,2026-03-14,1,Orientation,Central Center,4,1
JB001490,C,1,37,10,1,1980,1,0,0,2026-03-26,1,Orientation,Central Center,4,1
JB001491,C,0,45,18,1,2959,1,1,3077,2026-03-06,1,Orientation,Central Center,4,1
JB001492,C,1,38,11,0,0,0,1,2468,,,,,,0
JB001493,C,1,26,15,0,0,1,0,0,2026-03-13,1,Orientation,Central Center,4,1
JB001493,C,1,26,15,0,0,1,0,0,2026-04-24,2,Skills workshop,Central Center,6,1
JB001494,C,1,23,10,0,0,0,1,2019,,,,,,0
JB001495,C,0,35,15,0,0,0,1,3145,,,,,,0
JB001496,C,0,34,14,0,0,1,1,2740,2026-03-22,1,Orientation,Central Center,4,1
JB001497,C,0,27,11,0,0,1,1,2112,2026-03-15,1,Orientation,Central Center,4,1
JB001497,C,0,27,11,0,0,1,1,2112,2026-04-22,2,Skills workshop,Central Center,6,1
JB001497,C,0,27,11,0,0,1,1,2112,2026-05-19,3,Job placement,Central Center,6,1
JB001498,C,1,22,14,1,1541,0,0,0,,,,,,0
JB001499,C,0,47,16,1,2291,1,1,3204,2026-03-13,1,Orientation,Central Center,4,1
JB001499,C,0,47,16,1,2291,1,1,3204,2026-04-11,2,Skills workshop,Central Center,6,1
JB001500,C,1,48,9,1,1909,1,1,1975,2026-03-20,1,Orientation,Central Center,4,1
JB001501,C,1,39,12,1,2029,0,1,2029,,,,,,0
JB001502,C,0,20,15,1,2360,0,0,0,,,,,,0
JB001503,C,0,33,16,0,0,0,1,2801,,,,,,0
JB001504,C,1,40,14,1,1936,1,1,3311,,,,,,0
JB001505,C,1,30,18,1,2475,0,0,0,,,,,,0
JB001506,C,1,23,11,0,0,0,1,2348,,,,,,0
JB001507,C,0,25,13,0,0,1,0,0,2026-03-06,1,Orientation,Central Center,4,1
JB001508,C,0,19,18,1,2040,0,1,2968,,,,,,0
JB001509,C,1,33,16,1,1963,0,1,3192,,,,,,0
JB001510,C,0,54,15,1,2744,1,1,3625,2026-03-22,1,Orientation,Central Center,4,1
JB001510,C,0,54,15,1,2744,1,1,3625,2026-04-11,2,Skills workshop,Central Center,6,1
JB001510,C,0,54,15,1,2744,1,1,3625,2026-05-09,3,Job placement,Central Center,6,1
JB001511,C,1,46,13,1,2387,0,1,3075,,,,,,0
JB001512,C,1,50,15,0,0,1,1,2747,,,,,,0
JB001513,C,1,29,16,1,2117,0,1,2994,,,,,,0
JB001514,C,1,47,14,1,2070,1,0,0,2026-03-17,1,Orientation,Central Center,4,1
JB001514,C,1,47,14,1,2070,1,0,0,2026-04-18,2,Skills workshop,Central Center,6,1
JB001515,C,0,27,16,1,2646,0,1,2307,,,,,,0
JB001516,C,0,29,16,0,0,0,0,0,,,,,,0
JB001517,C,0,36,13,0,0,1,1,2619,,,,,,0
JB001518,C,0,21,16,0,0,0,1,2070,,,,,,0
JB001519,C,0,44,16,0,0,0,0,0,,,,,,0
JB001520,C,1,22,14,0,0,1,0,0,2026-03-19,1,Orientation,Central Center,4,1
JB001520,C,1,22,14,0,0,1,0,0,2026-04-21,2,Skills workshop,Central Center,6,1
JB001521,C,0,53,18,1,2965,1,1,3628,2026-03-16,1,Orientation,Central Center,4,1
JB001521,C,0,53,18,1,2965,1,1,3628,2026-04-24,2,Skills workshop,Central Center,6,1
JB001522,C,0,36,9,0,0,0,1,1603,,,,,,0
JB001523,C,1,23,16,0,0,1,0,0,2026-03-22,1,Orientation,Central Center,4,1
JB001523,C,1,23,16,0,0,1,0,0,2026-04-23,2,Skills workshop,Central Center,6,1
JB001523,C,1,23,16,0,0,1,0,0,2026-05-16,3,Job placement,Central Center,6,1
JB001524,C,0,38,14,1,2117,0,0,0,,,,,,0
JB001525,C,1,20,11,0,0,1,0,0,,,,,,0
JB001526,C,1,31,9,0,0,0,0,0,,,,,,0
JB001527,C,0,25,13,0,0,0,1,2125,,,,,,0
JB001528,C,0,24,18,1,2905,0,1,3476,,,,,,0
JB001529,C,1,44,14,1,2162,0,0,0,2026-03-20,1,Orientation,Central Center,4,1
JB001530,C,1,38,18,0,0,1,1,3361,2026-03-12,1,Orientation,Central Center,4,1
JB001531,C,1,36,14,0,0,0,1,2871,,,,,,0
JB001532,C,1,55,11,0,0,0,0,0,,,,,,0
JB001533,C,0,46,13,0,0,1,1,3323,2026-03-26,1,Orientation,Central Center,4,1
JB001534,C,1,26,11,1,1834,0,0,0,,,,,,0
JB001535,C,1,37,12,0,0,0,1,2868,,,,,,0
JB001536,C,1,22,13,1,2394,1,1,2311,2026-03-23,1,Orientation,Central Center,4,1
JB001536,C,1,22,13,1,2394,1,1,2311,2026-04-16,2,Skills workshop,Central Center,6,1
JB001537,C,0,40,13,0,0,0,1,2773,2026-03-06,1,Orientation,Central Center,4,1
JB001538,C,1,50,18,1,3153,1,0,0,2026-03-26,1,Orientation,Central Center,4,1
JB001538,C,1,50,18,1,3153,1,0,0,2026-04-12,2,Skills workshop,Central Center,6,1
JB001539,C,1,51,10,0,0,1,1,2394,2026-03-10,1,Orientation,Central Center,4,1
JB001540,C,0,46,16,0,0,0,1,2924,,,,,,0
JB001541,C,1,41,16,0,0,1,1,3651,2026-03-23,1,Orientation,Central Center,4,1
JB001542,C,0,26,9,0,0,0,1,1321,,,,,,0
JB001543,C,0,35,11,0,0,0,1,1971,,,,,,0
JB001544,C,0,32,13,1,1584,1,1,2785,2026-03-04,1,Orientation,Central Center,4,1
JB001544,C,0,32,13,1,1584,1,1,2785,2026-04-18,2,Skills workshop,Central Center,6,1
JB001545,C,0,48,14,1,2565,0,1,2572,,,,,,0
JB001546,C,0,30,13,0,0,0,1,2979,,,,,,0
JB001547,C,1,25,16,0,0,1,0,0,2026-03-08,1,Orientation,Central Center,4,1
JB001548,C,1,51,11,0,0,1,1,3097,2026-03-20,1,Orientation,Central Center,4,1
JB001549,C,0,28,15,0,0,0,1,3076,,,,,,0
JB001550,C,1,41,18,0,0,1,0,0,2026-03-07,1,Orientation,Central Center,4,1
JB001550,C,1,41,18,0,0,1,0,0,2026-04-21,2,Skills workshop,Central Center,6,1
JB001551,C,0,43,13,1,1878,0,1,2320,,,,,,0
JB001552,C,1,25,16,0,0,0,1,2850,,,,,,0
JB001553,C,1,20,11,1,2083,1,1,2359,2026-03-16,1,Orientation,Central Center,4,1
JB001554,C,0,36,10,1,1812,0,1,1616,,,,,,0
JB001555,C,0,54,14,0,0,1,0,0,2026-03-26,1,Orientation,Central Center,4,1
JB001555,C,0,54,14,0,0,1,0,0,2026-04-26,2,Skills workshop,Central Center,6,1
JB001555,C,0,54,14,0,0,1,0,0,2026-05-07,3,Job placement,Central Center,6,1
JB001556,C,0,41,12,1,2266,1,1,2670,2026-03-06,1,Orientation,Central Center,4,1
JB001557,C,0,49,15,0,0,1,1,3179,2026-03-14,1,Orientation,Central Center,4,1
JB001558,C,1,46,14,0,0,0,1,3398,,,,,,0
JB001559,C,1,46,15,0,0,0,1,3601,,,,,,0
JB001560,C,1,52,12,0,0,1,1,3415,2026-03-13,1,Orientation,Central Center,4,1
JB001560,C,1,52,12,0,0,1,1,3415,2026-04-06,2,Skills workshop,Central Center,6,1
JB001560,C,1,52,12,0,0,1,1,3415,2026-05-14,3,Job placement,Central Center,6,1
JB001561,C,0,52,10,0,0,0,1,2230,,,,,,0
JB001562,C,0,47,16,0,0,0,1,3104,,,,,,0
JB001563,C,1,49,15,1,2757,0,1,2709,,,,,,0
JB001564,C,1,35,13,1,2497,1,1,3122,,,,,,0
JB001565,C,1,31,9,0,0,0,0,0,,,,,,0
JB001566,C,0,33,12,1,2201,0,1,2491,,,,,,0
JB001567,C,1,52,14,1,2182,0,1,2443,,,,,,0
JB001568,C,0,55,14,0,0,1,1,2946,2026-03-19,1,Orientation,Central Center,4,1
JB001568,C,0,55,14,0,0,1,1,2946,2026-04-09,2,Skills workshop,Central Center,6,1
JB001569,C,0,47,10,0,0,1,0,0,2026-03-26,1,Orientation,Central Center,4,1
JB001570,C,0,44,10,1,1987,0,1,2272,,,,,,0
JB001571,C,0,23,15,0,0,1,1,3301,,,,,,0
JB001572,C,0,31,18,0,0,0,0,0,,,,,,0
JB001573,C,1,26,9,1,1922,1,1,1411,2026-03-14,1,Orientation,Central Center,4,1
JB001574,C,0,36,14,0,0,1,0,0,2026-03-03,1,Orientation,Central Center,4,1
JB001574,C,0,36,14,0,0,1,0,0,2026-04-16,2,Skills workshop,Central Center,6,1
JB001575,C,0,50,15,1,2660,0,1,3310,,,,,,0
JB001576,C,0,20,12,1,1991,0,1,1990,,,,,,0
JB001577,C,1,21,10,0,0,1,0,0,2026-03-16,1,Orientation,Central Center,4,1
JB001578,C,0,50,12,0,0,1,1,2319,2026-03-11,1,Orientation,Central Center,4,1
JB001579,C,0,55,12,0,0,0,0,0,,,,,,0
JB001580,C,1,38,14,1,2577,0,1,3251,,,,,,0
JB001581,C,0,37,14,0,0,1,1,2637,2026-03-19,1,Orientation,Central Center,4,1
JB001581,C,0,37,14,0,0,1,1,2637,2026-04-18,2,Skills workshop,Central Center,6,1
JB001581,C,0,37,14,0,0,1,1,2637,2026-05-23,3,Job placement,Central Center,6,1
JB001582,C,1,31,12,0,0,1,1,3085,2026-03-07,1,Orientation,Central Center,4,1
JB001583,C,0,20,16,1,2582,0,0,0,,,,,,0
JB001584,C,1,30,14,0,0,0,1,2412,,,,,,0
JB001585,C,1,35,14,0,0,1,1,2669,2026-03-07,1,Orientation,Central Center,4,1
JB001586,C,0,28,11,1,1919,1,1,2599,2026-03-09,1,Orientation,Central Center,4,1
JB001587,C,0,24,16,0,0,1,1,2305,2026-03-08,1,Orientation,Central Center,4,1
JB001587,C,0,24,16,0,0,1,1,2305,2026-04-18,2,Skills workshop,Central Center,6,1
JB001588,C,0,40,11,1,2095,0,1,2701,,,,,,0
JB001589,C,1,44,18,0,0,0,1,3623,,,,,,0
JB001590,C,0,22,16,0,0,0,1,2624,,,,,,0
JB001591,C,1,48,12,1,1950,0,0,0,,,,,,0
JB001592,C,0,25,18,1,2030,1,1,3029,2026-03-03,1,Orientation,Central Center,4,1
JB001593,C,1,30,13,0,0,0,0,0,,,,,,0
JB001594,C,1,52,10,0,0,0,1,2670,,,,,,0
JB001595,C,0,26,10,1,1378,0,1,1939,,,,,,0
JB001596,C,1,44,14,0,0,0,1,2550,,,,,,0
JB001597,C,0,26,9,1,1044,1,1,1644,2026-03-23,1,Orientation,Central Center,4,1
JB001598,C,0,31,9,0,0,1,1,2547,2026-03-20,1,Orientation,Central Center,4,1
JB001599,C,1,34,15,0,0,0,0,0,,,,,,0
JB001600,C,1,25,11,0,0,1,1,2296,2026-03-03,1,Orientation,Central Center,4,1
JB001600,C,1,25,11,0,0,1,1,2296,2026-04-15,2,Skills workshop,Central Center,6,1
JB001601,C,1,50,9,0,0,0,0,0,,,,,,0
JB001602,C,1,27,17,1,2674,0,1,3124,,,,,,0
JB001603,C,1,30,17,0,0,1,1,3632,2026-03-04,1,Orientation,Central Center,4,1
JB001604,C,0,29,18,1,2757,1,1,3656,2026-03-20,1,Orientation,Central Center,4,1
JB001605,C,0,33,17,0,0,0,1,2997,,,,,,0
JB001606,C,1,27,18,1,2170,0,0,0,,,,,,0
JB001607,C,1,52,11,0,0,1,1,3255,2026-03-12,1,Orientation,Central Center,4,1
JB001608,C,0,19,10,0,0,1,0,0,2026-03-14,1,Orientation,Central Center,4,1
JB001609,C,0,31,12,0,0,0,0,0,,,,,,0
JB001610,C,1,35,15,1,2831,0,0,0,,,,,,0
JB001611,C,1,49,9,0,0,1,1,2533,2026-03-11,1,Orientation,Central Center,4,1
JB001612,C,0,53,15,1,3119,0,0,0,,,,,,0
JB001613,C,0,29,15,1,2192,0,0,0,,,,,,0
JB001614,C,0,22,10,0,0,1,1,1497,2026-03-13,1,Orientation,Central Center,4,1
JB001614,C,0,22,10,0,0,1,1,1497,2026-04-03,2,Skills workshop,Central Center,6,1
JB001615,C,0,48,11,0,0,1,1,2751,2026-03-14,1,Orientation,Central Center,4,1
JB001616,C,1,28,11,1,1665,1,1,1916,2026-03-07,1,Orientation,Central Center,4,1
JB001616,C,1,28,11,1,1665,1,1,1916,2026-04-15,2,Skills workshop,Central Center,6,1
JB001616,C,1,28,11,1,1665,1,1,1916,2026-05-21,3,Job placement,Central Center,6,1
JB001617,C,1,45,16,1,2414,0,0,0,,,,,,0
JB001618,C,1,34,14,0,0,1,1,3394,,,,,,0
JB001619,C,0,23,11,0,0,0,0,0,,,,,,0
JB001620,C,1,49,15,0,0,1,1,2881,2026-03-08,1,Orientation,Central Center,4,1
JB001621,C,0,53,16,1,2324,0,1,2972,,,,,,0
JB001622,C,1,50,15,0,0,1,1,3018,2026-03-11,1,Orientation,Central Center,4,1
JB001623,C,0,22,11,1,1474,1,1,2489,2026-03-22,1,Orientation,Central Center,4,1
JB001624,C,0,54,16,1,2370,0,1,3369,,,,,,0
JB001625,C,0,43,9,1,1904,1,0,0,,,,,,0
JB001626,C,0,21,14,1,1673,1,1,3063,2026-03-22,1,Orientation,Central Center,4,1
JB001626,C,0,21,14,1,1673,1,1,3063,2026-04-04,2,Skills workshop,Central Center,6,1
JB001627,C,1,20,11,1,1657,1,1,2238,2026-03-15,1,Orientation,Central Center,4,1
JB001628,C,1,41,14,1,2607,0,1,3140,,,,,,0
JB001629,C,1,47,18,0,0,1,0,0,2026-03-21,1,Orientation,Central Center,4,1
JB001630,C,0,26,16,0,0,1,1,2516,2026-03-05,1,Orientation,Central Center,4,1
JB001631,C,1,44,13,1,1781,1,1,3046,2026-03-09,1,Orientation,Central Center,4,1
JB001632,C,0,27,11,0,0,0,0,0,,,,,,0
JB001633,C,0,48,12,1,2336,1,1,3344,2026-03-12,1,Orientation,Central Center,4,1
JB001633,C,0,48,12,1,2336,1,1,3344,2026-04-26,2,Skills workshop,Central Center,6,1
JB001634,C,0,23,15,1,1883,0,1,2577,,,,,,0
JB001635,C,1,37,12,1,2328,1,0,0,2026-03-05,1,Orientation,Central Center,4,1
JB001636,C,1,27,14,1,1869,0,1,2735,,,,,,0
JB001637,C,1,42,17,0,0,0,1,2721,,,,,,0
JB001638,C,0,33,14,1,2466,1,1,2468,2026-03-17,1,Orientation,Central Center,4,1
JB001639,C,0,50,16,0,0,1,0,0,2026-03-03,1,Orientation,Central Center,4,1
JB001640,C,0,22,10,0,0,0,1,2425,,,,,,0
JB001641,C,0,54,11,1,2535,1,1,2458,2026-03-16,1,Orientation,Central Center,4,1
JB001642,C,1,45,15,1,2722,1,1,3007,2026-03-04,1,Orientation,Central Center,4,1
JB001643,C,1,48,17,0,0,1,1,3293,,,,,,0
JB001644,C,0,54,9,1,1512,1,1,2675,2026-03-06,1,Orientation,Central Center,4,1
JB001645,C,0,45,10,0,0,1,1,2884,2026-03-05,1,Orientation,Central Center,4,1
JB001646,C,1,45,10,0,0,1,1,2982,2026-03-12,1,Orientation,Central Center,4,1
JB001647,C,1,51,14,0,0,1,0,0,2026-03-24,1,Orientation,Central Center,4,1
JB001647,C,1,51,14,0,0,1,0,0,2026-04-03,2,Skills workshop,Central Center,6,1
JB001648,C,0,37,9,0,0,1,1,2195,2026-03-20,1,Orientation,Central Center,4,1
JB001649,C,0,49,13,0,0,1,0,0,2026-03-26,1,Orientation,Central Center,4,1
JB001650,C,0,42,11,1,1944,1,1,2637,2026-03-18,1,Orientation,Central Center,4,1
JB001651,C,1,42,11,1,1930,0,0,0,,,,,,0
JB001652,C,1,39,12,1,1635,1,1,2160,2026-03-09,1,Orientation,Central Center,4,1
JB001653,C,1,35,10,0,0,0,0,0,,,,,,0
JB001654,C,0,24,14,1,2440,1,1,2095,2026-03-16,1,Orientation,Central Center,4,1
JB001654,C,0,24,14,1,2440,1,1,2095,2026-04-17,2,Skills workshop,Central Center,6,1
JB001655,C,1,33,15,0,0,0,1,3208,,,,,,0
JB001656,C,0,28,18,0,0,0,0,0,,,,,,0
JB001657,C,1,24,14,1,1699,1,1,2365,,,,,,0
JB001658,C,1,19,17,1,2144,1,1,2827,2026-03-23,1,Orientation,Central Center,4,1
JB001659,C,1,45,10,1,1753,1,1,1998,2026-03-18,1,Orientation,Central Center,4,1
JB001659,C,1,45,10,1,1753,1,1,1998,2026-04-03,2,Skills workshop,Central Center,6,1
JB001660,C,0,46,14,1,2451,0,1,2532,,,,,,0
JB001661,C,1,22,13,0,0,1,1,2576,2026-03-04,1,Orientation,Central Center,4,1
JB001661,C,1,22,13,0,0,1,1,2576,2026-04-16,2,Skills workshop,Central Center,6,1
JB001662,C,1,28,13,0,0,1,1,3111,2026-03-23,1,Orientation,Central Center,4,1
JB001662,C,1,28,13,0,0,1,1,3111,2026-04-08,2,Skills workshop,Central Center,6,1
JB001663,C,0,34,17,0,0,1,0,0,2026-03-11,1,Orientation,Central Center,4,1
JB001664,C,1,24,10,0,0,0,0,0,,,,,,0
JB001665,C,1,42,13,1,2110,1,1,3067,2026-03-14,1,Orientation,Central Center,4,1
JB001665,C,1,42,13,1,2110,1,1,3067,2026-04-14,2,Skills workshop,Central Center,6,1
JB001666,C,1,34,13,1,2467,1,0,0,2026-03-21,1,Orientation,Central Center,4,1
JB001667,C,1,35,15,1,2351,1,1,3008,,,,,,0
JB001668,C,0,53,9,1,2142,0,1,1841,,,,,,0
JB001669,C,0,35,11,1,1497,0,0,0,,,,,,0
JB001670,C,0,55,17,1,2550,1,1,3825,2026-03-04,1,Orientation,Central Center,4,1
JB001671,C,0,48,18,1,3187,1,0,0,2026-03-10,1,Orientation,Central Center,4,1
JB001671,C,0,48,18,1,3187,1,0,0,2026-04-25,2,Skills workshop,Central Center,6,1
JB001671,C,0,48,18,1,3187,1,0,0,2026-05-24,3,Job placement,Central Center,6,1
JB001672,C,0,50,11,1,2459,1,1,2794,2026-03-23,1,Orientation,Central Center,4,1
JB001673,C,1,41,15,0,0,0,0,0,,,,,,0
JB001674,C,1,46,14,0,0,0,1,2434,,,,,,0
JB001675,C,0,21,18,1,2438,0,0,0,,,,,,0
JB001676,C,1,30,16,1,2576,1,0,0,2026-03-03,1,Orientation,Central Center,4,1
JB001676,C,1,30,16,1,2576,1,0,0,2026-04-26,2,Skills workshop,Central Center,6,1
JB001676,C,1,30,16,1,2576,1,0,0,2026-05-09,3,Job placement,Central Center,6,1
JB001677,C,1,51,18,1,3086,0,1,3600,2026-03-14,1,Orientation,Central Center,4,1
JB001678,C,1,40,18,1,2700,1,1,3146,2026-03-18,1,Orientation,Central Center,4,1
JB001679,C,0,22,17,1,2448,1,0,0,2026-03-23,1,Orientation,Central Center,4,1
JB001680,C,1,47,17,1,2591,1,1,3529,2026-03-21,1,Orientation,Central Center,4,1
JB001681,C,1,40,16,1,2775,1,0,0,2026-03-09,1,Orientation,Central Center,4,1
JB001682,C,1,45,15,0,0,1,1,3556,2026-03-15,1,Orientation,Central Center,4,1
JB001683,C,1,23,17,1,2757,1,1,2833,2026-03-24,1,Orientation,Central Center,4,1
JB001683,C,1,23,17,1,2757,1,1,2833,2026-04-07,2,Skills workshop,Central Center,6,1
JB001684,C,1,43,13,1,2164,0,0,0,,,,,,0
JB001685,C,1,27,15,0,0,1,1,2990,2026-03-18,1,Orientation,Central Center,4,1
JB001685,C,1,27,15,0,0,1,1,2990,2026-04-26,2,Skills workshop,Central Center,6,1
JB001686,C,0,30,14,0,0,0,1,2971,,,,,,0
JB001687,C,0,19,15,1,2521,0,1,2342,,,,,,0
JB001688,C,1,42,16,0,0,1,1,2695,2026-03-21,1,Orientation,Central Center,4,1
JB001689,C,0,33,14,0,0,1,0,0,2026-03-04,1,Orientation,Central Center,4,1
JB001690,C,0,32,12,0,0,0,1,1907,,,,,,0
JB001691,C,0,19,16,1,2665,0,1,2217,,,,,,0
JB001692,C,1,26,14,1,2249,0,0,0,,,,,,0
JB001693,C,1,19,14,0,0,0,1,2211,2026-03-20,1,Orientation,Central Center,4,1
JB001694,C,1,45,11,0,0,0,1,2480,,,,,,0
JB001695,C,0,46,18,0,0,1,1,3006,2026-03-12,1,Orientation,Central Center,4,1
JB001696,C,1,30,16,1,1963,0,0,0,,,,,,0
JB001697,C,0,36,11,1,2160,0,1,2050,,,,,,0
JB001698,C,1,47,12,0,0,1,1,2691,2026-03-09,1,Orientation,Central Center,4,1
JB001698,C,1,47,12,0,0,1,1,2691,2026-04-08,2,Skills workshop,Central Center,6,1
JB001699,C,0,26,10,0,0,1,0,0,2026-03-21,1,Orientation,Central Center,4,1
JB001699,C,0,26,10,0,0,1,0,0,2026-04-09,2,Skills workshop,Central Center,6,1
JB001700,C,0,49,18,1,2618,0,0,0,,,,,,0
JB001701,C,0,37,15,1,2262,1,1,2690,2026-03-04,1,Orientation,Central Center,4,1
JB001702,C,0,23,17,1,2215,1,1,3234,,,,,,0
JB001703,C,0,46,10,0,0,0,0,0,,,,,,0
JB001704,C,1,51,13,1,2647,1,1,3173,2026-03-25,1,Orientation,Central Center,4,1
JB001704,C,1,51,13,1,2647,1,1,3173,2026-04-14,2,Skills workshop,Central Center,6,1
JB001704,C,1,51,13,1,2647,1,1,3173,2026-05-09,3,Job placement,Central Center,6,1
JB001705,C,0,50,13,0,0,0,0,0,,,,,,0
JB001706,C,1,41,15,1,2307,1,1,2632,2026-03-04,1,Orientation,Central Center,4,1
JB001707,C,1,22,15,1,1801,0,1,2921,,,,,,0
JB001708,C,1,34,17,1,2269,0,1,3600,,,,,,0
JB001709,C,1,49,13,0,0,1,1,3264,,,,,,0
JB001710,C,1,44,9,0,0,1,1,2319,2026-03-18,1,Orientation,Central Center,4,1
JB001711,C,1,42,9,0,0,1,1,2875,2026-03-07,1,Orientation,Central Center,4,1
JB001712,C,1,29,9,0,0,1,1,2326,2026-03-25,1,Orientation,Central Center,4,1
JB001712,C,1,29,9,0,0,1,1,2326,2026-04-16,2,Skills workshop,Central Center,6,1
JB001713,C,0,48,13,1,2292,1,1,2969,2026-03-26,1,Orientation,Central Center,4,1
JB001713,C,0,48,13,1,2292,1,1,2969,2026-04-12,2,Skills workshop,Central Center,6,1
JB001714,C,0,32,14,0,0,0,1,2149,,,,,,0
JB001715,C,0,32,15,0,0,0,1,2614,,,,,,0
JB001716,C,0,49,13,0,0,0,0,0,,,,,,0
JB001717,C,1,24,14,0,0,1,1,2502,2026-03-08,1,Orientation,Central Center,4,1
JB001718,C,1,19,16,0,0,1,1,2708,2026-03-05,1,Orientation,Central Center,4,1
JB001719,C,0,48,15,1,2242,0,0,0,,,,,,0
JB001720,C,1,52,11,0,0,1,1,2574,,,,,,0
JB001721,C,1,45,11,1,2067,0,0,0,,,,,,0
JB001722,C,1,28,11,0,0,1,1,2031,2026-03-26,1,Orientation,Central Center,4,1
JB001723,C,1,47,11,1,2064,1,1,3065,2026-03-11,1,Orientation,Central Center,4,1
JB001724,C,0,25,18,1,2339,0,1,3089,,,,,,0
JB001725,C,1,55,10,1,2545,1,1,2625,2026-03-25,1,Orientation,Central Center,4,1
JB001726,C,0,46,12,1,2047,1,1,3041,2026-03-04,1,Orientation,Central Center,4,1
JB001727,C,0,31,17,1,2866,0,1,2591,,,,,,0
JB001728,C,1,53,11,1,2431,1,0,0,2026-03-08,1,Orientation,Central Center,4,1
JB001729,C,0,26,17,0,0,1,1,3020,2026-03-21,1,Orientation,Central Center,4,1
JB001730,C,1,49,15,0,0,0,0,0,,,,,,0
JB001731,C,1,24,12,0,0,0,1,1862,,,,,,0
JB001732,C,1,47,10,1,1713,0,1,2614,,,,,,0
JB001733,C,1,42,17,0,0,1,1,3358,2026-03-22,1,Orientation,Central Center,4,1
JB001733,C,1,42,17,0,0,1,1,3358,2026-04-03,2,Skills workshop,Central Center,6,1
JB001734,C,1,42,11,0,0,1,1,2724,2026-03-26,1,Orientation,Central Center,4,1
JB001734,C,1,42,11,0,0,1,1,2724,2026-04-10,2,Skills workshop,Central Center,6,1
JB001735,C,1,45,16,0,0,1,0,0,2026-03-26,1,Orientation,Central Center,4,1
JB001735,C,1,45,16,0,0,1,0,0,2026-04-08,2,Skills workshop,Central Center,6,1
JB001735,C,1,45,16,0,0,1,0,0,2026-05-14,3,Job placement,Central Center,6,1
JB001736,C,1,33,9,1,1176,1,1,1972,2026-03-25,1,Orientation,Central Center,4,1
JB001736,C,1,33,9,1,1176,1,1,1972,2026-04-04,2,Skills workshop,Central Center,6,1
JB001737,C,1,49,16,1,2238,0,1,3431,,,,,,0
JB001738,C,1,47,12,0,0,0,1,3163,,,,,,0
JB001739,C,0,37,14,0,0,0,0,0,,,,,,0
JB001740,C,0,53,12,0,0,0,1,3315,,,,,,0
JB001741,C,0,36,10,0,0,0,0,0,,,,,,0
JB001742,C,1,48,15,1,2553,1,1,3019,2026-03-26,1,Orientation,Central Center,4,1
JB001743,C,0,37,12,0,0,1,1,2916,2026-03-07,1,Orientation,Central Center,4,1
JB001743,C,0,37,12,0,0,1,1,2916,2026-04-05,2,Skills workshop,Central Center,6,1
JB001744,C,0,26,9,0,0,1,0,0,2026-03-15,1,Orientation,Central Center,4,1
JB001744,C,0,26,9,0,0,1,0,0,2026-04-22,2,Skills workshop,Central Center,6,1
JB001745,C,0,51,11,0,0,1,0,0,2026-03-13,1,Orientation,Central Center,4,1
JB001746,C,0,24,14,0,0,0,0,0,,,,,,0
JB001747,C,0,29,18,0,0,0,1,3498,,,,,,0
JB001748,C,0,27,9,0,0,0,0,0,,,,,,0
JB001749,C,0,20,11,0,0,0,0,0,,,,,,0
JB001750,C,1,53,12,1,1957,1,0,0,2026-03-11,1,Orientation,Central Center,4,1
JB001751,C,0,53,13,0,0,0,1,2967,,,,,,0
JB001752,C,0,39,13,0,0,0,1,2442,,,,,,0
JB001753,C,1,22,9,1,986,1,0,0,2026-03-14,1,Orientation,Central Center,4,1
JB001754,C,1,48,16,1,2761,1,1,3415,2026-03-25,1,Orientation,Central Center,4,1
JB001755,C,1,47,10,0,0,1,1,2309,2026-03-06,1,Orientation,Central Center,4,1
JB001756,C,0,46,12,0,0,1,1,3053,2026-03-05,1,Orientation,Central Center,4,1
JB001757,C,1,31,12,1,2414,1,1,2802,2026-03-24,1,Orientation,Central Center,4,1
JB001757,C,1,31,12,1,2414,1,1,2802,2026-04-19,2,Skills workshop,Central Center,6,1
JB001758,C,0,36,17,1,2749,0,1,2789,,,,,,0
JB001759,C,0,29,12,0,0,0,0,0,,,,,,0
JB001760,C,1,39,14,1,2563,1,1,2931,2026-03-17,1,Orientation,Central Center,4,1
JB001761,C,0,24,13,1,1831,1,1,2329,,,,,,0
JB001762,C,1,32,11,1,1549,0,0,0,,,,,,0
JB001763,C,1,22,10,0,0,1,0,0,2026-03-08,1,Orientation,Central Center,4,1
JB001763,C,1,22,10,0,0,1,0,0,2026-04-25,2,Skills workshop,Central Center,6,1
JB001764,C,0,49,17,0,0,0,1,3142,,,,,,0
JB001765,C,0,23,12,0,0,0,1,1922,,,,,,0
JB001766,C,0,31,17,1,2816,1,1,3616,2026-03-21,1,Orientation,Central Center,4,1
JB001767,C,1,28,9,0,0,0,0,0,,,,,,0
JB001768,C,1,35,11,0,0,0,1,2061,,,,,,0
JB001769,C,1,29,16,0,0,1,1,2537,2026-03-13,1,Orientation,Central Center,4,1
JB001770,C,0,26,17,1,2921,1,0,0,2026-03-05,1,Orientation,Central Center,4,1
JB001771,C,0,33,16,0,0,1,1,2533,2026-03-04,1,Orientation,Central Center,4,1
JB001771,C,0,33,16,0,0,1,1,2533,2026-04-18,2,Skills workshop,Central Center,6,1
JB001771,C,0,33,16,0,0,1,1,2533,2026-05-15,3,Job placement,Central Center,6,1
JB001772,C,0,24,18,0,0,1,1,2771,2026-03-23,1,Orientation,Central Center,4,1
JB001773,C,1,51,14,0,0,0,0,0,2026-03-04,1,Orientation,Central Center,4,1
JB001774,C,1,49,9,0,0,0,1,2344,,,,,,0
JB001775,C,1,32,16,1,2448,0,1,2327,,,,,,0
JB001776,C,0,19,13,1,2134,1,1,1819,2026-03-14,1,Orientation,Central Center,4,1
JB001777,C,1,34,15,1,2436,0,1,2719,,,,,,0
JB001778,C,0,21,15,1,1644,1,1,2110,,,,,,0
JB001779,C,0,49,12,1,2102,1,0,0,2026-03-10,1,Orientation,Central Center,4,1
JB001780,C,1,39,12,1,2113,0,0,0,,,,,,0
JB001781,C,1,28,11,0,0,1,1,2216,2026-03-21,1,Orientation,Central Center,4,1
JB001782,C,1,27,14,1,1694,0,1,2608,,,,,,0
JB001783,C,0,23,14,0,0,0,1,2365,,,,,,0
JB001784,C,1,43,17,0,0,0,0,0,,,,,,0
JB001785,C,1,35,9,0,0,0,1,2247,,,,,,0
JB001786,C,1,39,15,1,2744,0,1,3335,,,,,,0
JB001787,C,0,19,11,1,1220,0,1,1758,,,,,,0
JB001788,C,0,40,9,0,0,1,0,0,2026-03-16,1,Orientation,Central Center,4,1
JB001789,C,0,23,18,1,2951,0,0,0,,,,,,0
JB001790,C,0,54,10,0,0,0,1,2134,,,,,,0
JB001791,C,0,46,12,1,2189,1,0,0,2026-03-19,1,Orientation,Central Center,4,1
JB001791,C,0,46,12,1,2189,1,0,0,2026-04-09,2,Skills workshop,Central Center,6,1
JB001792,C,0,36,16,1,2306,0,0,0,,,,,,0
JB001793,C,0,39,12,1,2269,0,1,2689,,,,,,0
JB001794,C,1,37,14,0,0,1,1,3085,2026-03-22,1,Orientation,Central Center,4,1
JB001795,C,0,39,10,1,1358,0,1,2429,,,,,,0
JB001796,C,1,52,13,0,0,0,0,0,,,,,,0
JB001797,C,1,19,13,0,0,1,1,2401,,,,,,0
JB001798,C,0,32,9,0,0,1,1,2429,2026-03-24,1,Orientation,Central Center,4,1
JB001799,C,0,44,15,1,2273,1,1,3618,2026-03-04,1,Orientation,Central Center,4,1
JB001800,C,0,35,12,0,0,0,1,1922,,,,,,0
JB001801,D,1,35,9,0,0,0,1,1573,,,,,,0
JB001802,D,1,32,9,1,1702,1,0,0,,,,,,0
JB001803,D,0,54,17,1,2517,1,0,0,2026-03-25,1,Orientation,South Center,4,1
JB001804,D,0,19,12,0,0,1,1,2521,2026-03-03,1,Orientation,South Center,4,1
JB001804,D,0,19,12,0,0,1,1,2521,2026-04-03,2,Skills workshop,South Center,6,1
JB001804,D,0,19,12,0,0,1,1,2521,2026-05-21,3,Job placement,South Center,6,1
JB001805,D,0,42,16,1,2242,0,1,3514,,,,,,0
JB001806,D,1,53,10,0,0,0,1,2481,,,,,,0
JB001807,D,1,48,11,0,0,0,1,2839,,,,,,0
JB001808,D,1,30,14,1,2267,1,1,2991,2026-03-21,1,Orientation,South Center,4,1
JB001808,D,1,30,14,1,2267,1,1,2991,2026-04-19,2,Skills workshop,South Center,6,1
JB001809,D,1,47,11,1,2242,1,1,2754,2026-03-10,1,Orientation,South Center,4,1
JB001810,D,1,20,13,0,0,1,1,2547,2026-03-06,1,Orientation,South Center,4,1
JB001811,D,1,33,13,0,0,1,1,3189,2026-03-10,1,Orientation,South Center,4,1
JB001811,D,1,33,13,0,0,1,1,3189,2026-04-12,2,Skills workshop,South Center,6,1
JB001812,D,1,45,15,1,2646,1,1,3774,,,,,,0
JB001813,D,0,45,9,1,1427,0,1,2820,,,,,,0
JB001814,D,1,19,17,1,2588,1,1,2423,2026-03-03,1,Orientation,South Center,4,1
JB001814,D,1,19,17,1,2588,1,1,2423,2026-04-07,2,Skills workshop,South Center,6,1
JB001814,D,1,19,17,1,2588,1,1,2423,2026-05-20,3,Job placement,South Center,6,1
JB001815,D,0,54,9,1,2161,0,0,0,,,,,,0
JB001816,D,0,23,17,1,2408,1,0,0,2026-03-22,1,Orientation,South Center,4,1
JB001816,D,0,23,17,1,2408,1,0,0,2026-04-24,2,Skills workshop,South Center,6,1
JB001817,D,0,43,16,0,0,0,1,3409,,,,,,0
JB001818,D,0,22,10,0,0,1,0,0,2026-03-07,1,Orientation,South Center,4,1
JB001819,D,1,24,14,1,1904,1,1,3026,2026-03-25,1,Orientation,South Center,4,1
JB001820,D,1,21,13,1,1606,0,1,2847,,,,,,0
JB001821,D,1,39,11,0,0,1,1,2936,2026-03-06,1,Orientation,South Center,4,1
JB001821,D,1,39,11,0,0,1,1,2936,2026-04-08,2,Skills workshop,South Center,6,1
JB001822,D,1,20,18,1,2621,1,1,3050,2026-03-25,1,Orientation,South Center,4,1
JB001823,D,0,30,16,0,0,0,0,0,,,,,,0
JB001824,D,1,47,12,0,0,0,0,0,,,,,,0
JB001825,D,0,29,9,1,2045,1,1,1617,2026-03-23,1,Orientation,South Center,4,1
JB001826,D,0,33,17,0,0,0,1,2589,,,,,,0
JB001827,D,0,46,12,0,0,0,1,2481,,,,,,0
JB001828,D,1,23,11,1,2041,0,1,2708,,,,,,0
JB001829,D,1,45,9,1,2356,1,1,2529,2026-03-08,1,Orientation,South Center,4,1
JB001830,D,0,55,15,1,2856,1,1,3348,2026-03-05,1,Orientation,South Center,4,1
JB001831,D,0,20,18,1,2419,0,1,3246,,,,,,0
JB001832,D,1,43,15,0,0,1,1,3656,2026-03-20,1,Orientation,South Center,4,1
JB001832,D,1,43,15,0,0,1,1,3656,2026-04-04,2,Skills workshop,South Center,6,1
JB001833,D,0,50,13,0,0,0,1,2419,,,,,,0
JB001834,D,1,55,13,1,2316,0,0,0,,,,,,0
JB001835,D,1,23,15,0,0,1,1,2265,2026-03-26,1,Orientation,South Center,4,1
JB001835,D,1,23,15,0,0,1,1,2265,2026-04-04,2,Skills workshop,South Center,6,1
JB001836,D,1,42,11,1,2606,1,1,2573,2026-03-11,1,Orientation,South Center,4,1
JB001837,D,0,42,10,0,0,1,1,2995,2026-03-17,1,Orientation,South Center,4,1
JB001838,D,1,47,14,1,2771,1,1,3655,2026-03-21,1,Orientation,South Center,4,1
JB001839,D,1,26,11,1,1696,0,0,0,,,,,,0
JB001840,D,0,38,15,0,0,1,0,0,2026-03-15,1,Orientation,South Center,4,1
JB001840,D,0,38,15,0,0,1,0,0,2026-04-25,2,Skills workshop,South Center,6,1
JB001841,D,1,51,15,1,3051,0,0,0,,,,,,0
JB001842,D,1,22,17,1,2214,1,1,3543,,,,,,0
JB001843,D,1,49,13,1,2618,1,0,0,2026-03-04,1,Orientation,South Center,4,1
JB001844,D,1,38,12,1,2480,1,0,0,2026-03-17,1,Orientation,South Center,4,1
JB001845,D,0,34,13,0,0,1,1,3264,2026-03-05,1,Orientation,South Center,4,1
JB001846,D,1,48,13,1,2257,0,0,0,,,,,,0
JB001847,D,1,36,18,1,2644,1,0,0,2026-03-23,1,Orientation,South Center,4,1
JB001848,D,1,22,14,1,2146,0,1,2555,,,,,,0
JB001849,D,0,39,18,1,2497,1,0,0,2026-03-23,1,Orientation,South Center,4,1
JB001849,D,0,39,18,1,2497,1,0,0,2026-04-17,2,Skills workshop,South Center,6,1
JB001850,D,1,31,11,1,2105,1,1,2310,2026-03-14,1,Orientation,South Center,4,1
JB001851,D,0,50,13,1,2919,1,0,0,2026-03-20,1,Orientation,South Center,4,1
JB001852,D,0,30,15,1,2188,1,0,0,2026-03-23,1,Orientation,South Center,4,1
JB001853,D,1,35,11,1,1863,0,1,2657,,,,,,0
JB001854,D,0,54,15,1,3251,1,0,0,2026-03-22,1,Orientation,South Center,4,1
JB001855,D,1,54,10,0,0,1,1,3389,2026-03-06,1,Orientation,South Center,4,1
JB001856,D,1,34,16,0,0,0,1,3475,,,,,,0
JB001857,D,0,26,16,0,0,0,0,0,,,,,,0
JB001858,D,0,34,18,1,2933,1,0,0,2026-03-20,1,Orientation,South Center,4,1
JB001858,D,0,34,18,1,2933,1,0,0,2026-04-26,2,Skills workshop,South Center,6,1
JB001859,D,1,37,14,1,2518,1,1,2842,2026-03-04,1,Orientation,South Center,4,1
JB001860,D,1,27,9,1,1493,1,0,0,2026-03-18,1,Orientation,South Center,4,1
JB001861,D,1,23,16,1,2602,1,1,3200,2026-03-05,1,Orientation,South Center,4,1
JB001861,D,1,23,16,1,2602,1,1,3200,2026-04-17,2,Skills workshop,South Center,6,1
JB001862,D,0,54,18,0,0,0,1,3451,,,,,,0
JB001863,D,1,32,9,0,0,0,1,1538,,,,,,0
JB001864,D,1,25,18,1,2512,1,1,3639,2026-03-20,1,Orientation,South Center,4,1
JB001865,D,1,22,14,0,0,0,1,2013,,,,,,0
JB001866,D,1,25,15,1,2076,1,1,3121,2026-03-09,1,Orientation,South Center,4,1
JB001866,D,1,25,15,1,2076,1,1,3121,2026-04-14,2,Skills workshop,South Center,6,1
JB001867,D,0,28,15,1,1859,0,0,0,,,,,,0
JB001868,D,1,25,9,0,0,1,0,0,2026-03-07,1,Orientation,South Center,4,1
JB001869,D,1,51,12,0,0,1,0,0,2026-03-10,1,Orientation,South Center,4,1
JB001869,D,1,51,12,0,0,1,0,0,2026-04-12,2,Skills workshop,South Center,6,1
JB001870,D,1,40,9,0,0,1,1,2846,2026-03-20,1,Orientation,South Center,4,1
JB001871,D,1,44,17,1,2808,0,1,3369,,,,,,0
JB001872,D,0,19,11,1,1349,1,1,2004,2026-03-07,1,Orientation,South Center,4,1
JB001873,D,1,52,10,0,0,1,1,2786,2026-03-07,1,Orientation,South Center,4,1
JB001873,D,1,52,10,0,0,1,1,2786,2026-04-14,2,Skills workshop,South Center,6,1
JB001874,D,0,41,13,0,0,0,1,3057,,,,,,0
JB001875,D,1,51,12,1,2473,1,1,3221,2026-03-12,1,Orientation,South Center,4,1
JB001876,D,1,52,16,1,2866,0,1,3393,,,,,,0
JB001877,D,1,42,11,0,0,0,0,0,,,,,,0
JB001878,D,0,42,10,0,0,0,1,2654,,,,,,0
JB001879,D,0,31,13,0,0,1,1,3288,2026-03-19,1,Orientation,South Center,4,1
JB001879,D,0,31,13,0,0,1,1,3288,2026-04-15,2,Skills workshop,South Center,6,1
JB001880,D,1,35,12,0,0,0,1,1968,,,,,,0
JB001881,D,1,47,11,0,0,1,1,2723,2026-03-13,1,Orientation,South Center,4,1
JB001882,D,0,35,17,0,0,0,1,3099,,,,,,0
JB001883,D,0,22,17,1,2381,0,0,0,,,,,,0
JB001884,D,0,34,13,1,2498,1,0,0,2026-03-11,1,Orientation,South Center,4,1
JB001884,D,0,34,13,1,2498,1,0,0,2026-04-26,2,Skills workshop,South Center,6,1
JB001885,D,0,53,10,0,0,1,1,2436,2026-03-23,1,Orientation,South Center,4,1
JB001885,D,0,53,10,0,0,1,1,2436,2026-04-05,2,Skills workshop,South Center,6,1
JB001886,D,0,42,14,1,2453,0,1,2756,,,,,,0
JB001887,D,0,47,15,0,0,0,1,2543,,,,,,0
JB001888,D,1,40,15,0,0,1,0,0,2026-03-03,1,Orientation,South Center,4,1
JB001889,D,0,40,11,0,0,1,1,2693,2026-03-16,1,Orientation,South Center,4,1
JB001890,D,0,43,10,1,1836,1,1,2694,2026-03-22,1,Orientation,South Center,4,1
JB001891,D,0,47,13,0,0,1,1,3478,2026-03-22,1,Orientation,South Center,4,1
JB001891,D,0,47,13,0,0,1,1,3478,2026-04-20,2,Skills workshop,South Center,6,1
JB001892,D,0,46,18,0,0,1,1,4058,2026-03-25,1,Orientation,South Center,4,1
JB001893,D,0,27,14,1,2303,0,1,2146,,,,,,0
JB001894,D,0,22,12,0,0,1,0,0,2026-03-20,1,Orientation,South Center,4,1
JB001895,D,0,39,15,0,0,0,1,3330,,,,,,0
JB001896,D,1,22,9,1,1558,1,1,1780,2026-03-03,1,Orientation,South Center,4,1
JB001897,D,1,55,18,0,0,1,1,3535,,,,,,0
JB001898,D,0,55,17,0,0,0,1,3858,,,,,,0
JB001899,D,0,49,14,0,0,0,0,0,,,,,,0
JB001900,D,1,35,15,0,0,0,1,2316,,,,,,0
JB001901,D,0,24,10,1,2175,1,0,0,2026-03-23,1,Orientation,South Center,4,1
JB001902,D,0,25,17,1,2043,1,1,3599,,,,,,0
JB001903,D,1,26,12,0,0,1,1,2420,2026-03-05,1,Orientation,South Center,4,1
JB001904,D,0,23,15,0,0,1,1,2643,2026-03-17,1,Orientation,South Center,4,1
JB001905,D,1,25,10,0,0,1,1,2533,2026-03-07,1,Orientation,South Center,4,1
JB001906,D,0,55,13,1,2123,0,1,2685,,,,,,0
JB001907,D,1,29,14,1,2075,1,0,0,2026-03-06,1,Orientation,South Center,4,1
JB001908,D,0,23,9,0,0,0,0,0,,,,,,0
JB001909,D,1,21,16,1,1960,1,1,3142,2026-03-23,1,Orientation,South Center,4,1
JB001910,D,0,31,11,0,0,0,1,2019,,,,,,0
JB001911,D,0,51,17,1,3315,0,0,0,,,,,,0
JB001912,D,1,47,12,1,2750,0,0,0,,,,,,0
JB001913,D,0,32,16,1,2754,1,1,3224,2026-03-09,1,Orientation,South Center,4,1
JB001914,D,1,32,11,1,1574,0,1,1847,,,,,,0
JB001915,D,1,27,18,1,2855,1,1,3338,2026-03-04,1,Orientation,South Center,4,1
JB001915,D,1,27,18,1,2855,1,1,3338,2026-04-26,2,Skills workshop,South Center,6,1
JB001916,D,0,22,9,1,1203,0,1,2256,,,,,,0
JB001917,D,1,38,16,0,0,1,1,3653,2026-03-18,1,Orientation,South Center,4,1
JB001918,D,0,20,18,0,0,1,1,2822,2026-03-05,1,Orientation,South Center,4,1
JB001918,D,0,20,18,0,0,1,1,2822,2026-04-07,2,Skills workshop,South Center,6,1
JB001919,D,1,53,15,0,0,0,0,0,,,,,,0
JB001920,D,1,24,16,1,1928,1,1,3488,2026-03-09,1,Orientation,South Center,4,1
JB001921,D,1,46,16,0,0,1,0,0,2026-03-19,1,Orientation,South Center,4,1
JB001922,D,1,50,14,1,2388,0,1,3275,,,,,,0
JB001923,D,1,42,11,0,0,1,1,2121,2026-03-20,1,Orientation,South Center,4,1
JB001924,D,1,37,11,0,0,1,1,2284,2026-03-12,1,Orientation,South Center,4,1
JB001925,D,1,42,13,1,1847,1,0,0,2026-03-17,1,Orientation,South Center,4,1
JB001926,D,0,42,13,0,0,0,1,2500,,,,,,0
JB001927,D,0,48,10,0,0,0,0,0,,,,,,0
JB001928,D,0,29,10,0,0,1,1,2424,2026-03-16,1,Orientation,South Center,4,1
JB001929,D,1,28,13,0,0,0,1,2067,,,,,,0
JB001930,D,1,25,15,1,2514,0,1,2965,,,,,,0
JB001931,D,1,54,13,0,0,0,1,2635,,,,,,0
JB001932,D,1,47,17,1,2687,0,1,3089,,,,,,0
JB001933,D,1,54,10,1,1966,0,1,2138,,,,,,0
JB001934,D,1,21,13,0,0,0,1,2496,,,,,,0
JB001935,D,1,23,18,0,0,0,0,0,,,,,,0
JB001936,D,0,51,15,1,3139,1,1,3786,2026-03-15,1,Orientation,South Center,4,1
JB001937,D,1,54,11,0,0,0,1,3193,,,,,,0
JB001938,D,1,19,14,0,0,0,1,1934,,,,,,0
JB001939,D,0,25,17,1,2742,1,1,3321,2026-03-18,1,Orientation,South Center,4,1
JB001940,D,0,34,10,0,0,1,1,1980,2026-03-22,1,Orientation,South Center,4,1
JB001941,D,1,19,12,1,2223,0,0,0,2026-03-25,1,Orientation,South Center,4,1
JB001942,D,1,33,10,1,1367,1,0,0,2026-03-04,1,Orientation,South Center,4,1
JB001942,D,1,33,10,1,1367,1,0,0,2026-04-12,2,Skills workshop,South Center,6,1
JB001943,D,0,19,14,0,0,0,0,0,,,,,,0
JB001944,D,0,31,17,0,0,1,1,3009,2026-03-12,1,Orientation,South Center,4,1
JB001945,D,0,25,16,1,2104,1,1,2762,2026-03-14,1,Orientation,South Center,4,1
JB001945,D,0,25,16,1,2104,1,1,2762,2026-04-03,2,Skills workshop,South Center,6,1
JB001946,D,1,24,18,0,0,1,1,2891,2026-03-14,1,Orientation,South Center,4,1
JB001947,D,0,44,17,1,3166,1,0,0,2026-03-22,1,Orientation,South Center,4,1
JB001948,D,0,20,18,0,0,1,1,3740,2026-03-18,1,Orientation,South Center,4,1
JB001949,D,0,24,15,1,2756,1,1,2669,2026-03-22,1,Orientation,South Center,4,1
JB001950,D,0,45,15,1,2610,1,1,3603,2026-03-22,1,Orientation,South Center,4,1
JB001951,D,1,20,16,0,0,1,1,3481,2026-03-16,1,Orientation,South Center,4,1
JB001952,D,1,50,16,1,2973,1,1,3198,,,,,,0
JB001953,D,0,43,9,1,1679,1,1,2091,2026-03-12,1,Orientation,South Center,4,1
JB001954,D,1,40,17,0,0,1,1,3680,2026-03-19,1,Orientation,South Center,4,1
JB001954,D,1,40,17,0,0,1,1,3680,2026-04-18,2,Skills workshop,South Center,6,1
JB001954,D,1,40,17,0,0,1,1,3680,2026-05-19,3,Job placement,South Center,6,1
JB001955,D,0,19,15,1,2238,0,0,0,,,,,,0
JB001956,D,1,23,9,1,1641,0,0,0,,,,,,0
JB001957,D,0,31,17,1,2708,1,1,3377,2026-03-11,1,Orientation,South Center,4,1
JB001957,D,0,31,17,1,2708,1,1,3377,2026-04-12,2,Skills workshop,South Center,6,1
JB001958,D,1,23,18,0,0,0,1,3286,,,,,,0
JB001959,D,1,51,13,0,0,1,1,3008,,,,,,0
JB001960,D,1,27,10,1,1702,0,1,2253,,,,,,0
JB001961,D,1,46,17,0,0,1,1,3636,2026-03-06,1,Orientation,South Center,4,1
JB001962,D,0,53,13,0,0,1,1,3205,2026-03-03,1,Orientation,South Center,4,1
JB001963,D,0,45,18,0,0,1,1,3475,2026-03-05,1,Orientation,South Center,4,1
JB001963,D,0,45,18,0,0,1,1,3475,2026-04-26,2,Skills workshop,South Center,6,1
JB001964,D,0,37,12,0,0,0,0,0,,,,,,0
JB001965,D,1,32,14,1,2035,0,1,2314,,,,,,0
JB001966,D,1,28,18,1,2571,0,0,0,,,,,,0
JB001967,D,1,34,10,0,0,0,1,2584,,,,,,0
JB001968,D,1,22,13,1,1933,0,1,2611,,,,,,0
JB001969,D,1,52,15,0,0,1,0,0,2026-03-18,1,Orientation,South Center,4,1
JB001970,D,0,21,12,1,1564,1,1,1797,2026-03-14,1,Orientation,South Center,4,1
JB001971,D,1,35,16,1,2271,1,0,0,2026-03-18,1,Orientation,South Center,4,1
JB001972,D,0,54,12,1,2022,0,0,0,,,,,,0
JB001973,D,1,43,9,1,1736,0,0,0,,,,,,0
JB001974,D,1,50,15,0,0,1,0,0,2026-03-07,1,Orientation,South Center,4,1
JB001974,D,1,50,15,0,0,1,0,0,2026-04-11,2,Skills workshop,South Center,6,1
JB001975,D,0,48,14,0,0,0,0,0,,,,,,0
JB001976,D,1,35,15,1,2231,1,1,2958,2026-03-03,1,Orientation,South Center,4,1
JB001977,D,1,51,11,0,0,1,0,0,2026-03-12,1,Orientation,South Center,4,1
JB001977,D,1,51,11,0,0,1,0,0,2026-04-22,2,Skills workshop,South Center,6,1
JB001978,D,1,55,18,1,3424,0,1,3202,,,,,,0
JB001979,D,0,41,15,1,2933,1,1,3070,2026-03-13,1,Orientation,South Center,4,1
JB001979,D,0,41,15,1,2933,1,1,3070,2026-04-06,2,Skills workshop,South Center,6,1
JB001980,D,1,34,10,1,1378,1,1,2617,,,,,,0
JB001981,D,1,53,11,1,2050,1,1,3441,2026-03-15,1,Orientation,South Center,4,1
JB001982,D,0,19,10,0,0,1,1,2348,2026-03-03,1,Orientation,South Center,4,1
JB001983,D,0,46,10,0,0,1,1,2199,2026-03-24,1,Orientation,South Center,4,1
JB001984,D,1,44,15,0,0,1,0,0,2026-03-14,1,Orientation,South Center,4,1
JB001985,D,0,55,9,0,0,1,1,2270,2026-03-23,1,Orientation,South Center,4,1
JB001986,D,0,28,17,1,2557,0,0,0,,,,,,0
JB001987,D,1,26,14,0,0,0,1,3115,,,,,,0
JB001988,D,0,30,10,0,0,0,1,1642,,,,,,0
JB001989,D,0,50,18,0,0,1,0,0,,,,,,0
JB001990,D,1,26,17,1,2530,1,1,3708,2026-03-18,1,Orientation,South Center,4,1
JB001990,D,1,26,17,1,2530,1,1,3708,2026-04-20,2,Skills workshop,South Center,6,1
JB001990,D,1,26,17,1,2530,1,1,3708,2026-05-05,3,Job placement,South Center,6,1
JB001991,D,1,36,17,1,2886,1,1,3818,2026-03-15,1,Orientation,South Center,4,1
JB001992,D,0,43,18,1,2681,0,0,0,,,,,,0
JB001993,D,0,48,13,0,0,1,1,2601,2026-03-14,1,Orientation,South Center,4,1
JB001993,D,0,48,13,0,0,1,1,2601,2026-04-24,2,Skills workshop,South Center,6,1
JB001994,D,1,31,10,1,1410,1,1,2036,2026-03-20,1,Orientation,South Center,4,1
JB001994,D,1,31,10,1,1410,1,1,2036,2026-04-19,2,Skills workshop,South Center,6,1
JB001995,D,0,51,12,0,0,1,1,2709,2026-03-15,1,Orientation,South Center,4,1
JB001996,D,1,45,15,0,0,1,0,0,2026-03-09,1,Orientation,South Center,4,1
JB001997,D,0,45,11,1,2542,0,1,3157,,,,,,0
JB001998,D,0,35,14,0,0,1,1,3321,2026-03-18,1,Orientation,South Center,4,1
JB001999,D,1,22,9,0,0,0,1,2333,,,,,,0
JB002000,D,1,20,13,1,1519,1,1,2530,2026-03-10,1,Orientation,South Center,4,1
JB002000,D,1,20,13,1,1519,1,1,2530,2026-04-05,2,Skills workshop,South Center,6,1
JB002001,D,1,20,15,1,2089,1,1,2660,2026-03-26,1,Orientation,South Center,4,1
JB002002,D,0,22,18,0,0,0,0,0,,,,,,0
JB002003,D,1,44,15,0,0,1,0,0,2026-03-06,1,Orientation,South Center,4,1
JB002004,D,1,21,13,0,0,0,1,2679,,,,,,0
JB002005,D,1,42,9,1,1813,1,0,0,2026-03-25,1,Orientation,South Center,4,1
JB002006,D,1,24,11,0,0,1,1,2555,2026-03-08,1,Orientation,South Center,4,1
JB002006,D,1,24,11,0,0,1,1,2555,2026-04-10,2,Skills workshop,South Center,6,1
JB002007,D,1,52,16,0,0,1,1,3464,2026-03-07,1,Orientation,South Center,4,1
JB002008,D,1,47,9,0,0,1,1,2138,,,,,,0
JB002009,D,0,54,17,1,2496,0,0,0,,,,,,0
JB002010,D,0,29,10,0,0,1,0,0,2026-03-03,1,Orientation,South Center,4,1
JB002011,D,1,47,14,1,2907,0,0,0,,,,,,0
JB002012,D,1,19,18,1,2894,1,1,2651,2026-03-12,1,Orientation,South Center,4,1
JB002012,D,1,19,18,1,2894,1,1,2651,2026-04-06,2,Skills workshop,South Center,6,1
JB002013,D,1,21,18,1,2844,1,1,2990,2026-03-23,1,Orientation,South Center,4,1
JB002014,D,1,53,12,0,0,0,0,0,,,,,,0
JB002015,D,0,20,12,0,0,1,1,2455,2026-03-09,1,Orientation,South Center,4,1
JB002016,D,0,48,17,0,0,0,1,3164,,,,,,0
JB002017,D,0,52,13,1,2535,0,1,2697,,,,,,0
JB002018,D,0,39,15,0,0,0,0,0,,,,,,0
JB002019,D,1,35,13,1,2025,0,0,0,,,,,,0
JB002020,D,0,31,12,1,1882,0,0,0,,,,,,0
JB002021,D,1,53,18,0,0,0,1,3147,,,,,,0
JB002022,D,1,42,9,1,2346,0,0,0,,,,,,0
JB002023,D,0,40,12,1,2058,1,1,2716,2026-03-15,1,Orientation,South Center,4,1
JB002024,D,1,35,15,0,0,0,0,0,,,,,,0
JB002025,D,1,28,13,1,1811,1,0,0,2026-03-17,1,Orientation,South Center,4,1
JB002026,D,0,36,11,1,2170,0,0,0,,,,,,0
JB002027,D,0,53,18,0,0,0,1,4083,2026-03-25,1,Orientation,South Center,4,1
JB002028,D,1,48,10,1,1606,1,1,3199,2026-03-03,1,Orientation,South Center,4,1
JB002029,D,0,53,11,0,0,1,0,0,2026-03-03,1,Orientation,South Center,4,1
JB002029,D,0,53,11,0,0,1,0,0,2026-04-20,2,Skills workshop,South Center,6,1
JB002029,D,0,53,11,0,0,1,0,0,2026-05-06,3,Job placement,South Center,6,1
JB002030,D,0,42,12,1,2032,1,1,2744,2026-03-17,1,Orientation,South Center,4,1
JB002031,D,1,34,10,0,0,1,0,0,2026-03-15,1,Orientation,South Center,4,1
JB002031,D,1,34,10,0,0,1,0,0,2026-04-12,2,Skills workshop,South Center,6,1
JB002032,D,0,25,11,1,2294,0,0,0,,,,,,0
JB002033,D,0,29,18,1,3075,0,1,2989,,,,,,0
JB002034,D,0,42,10,1,1693,0,1,2146,,,,,,0
JB002035,D,1,35,12,0,0,0,1,3084,,,,,,0
JB002036,D,0,31,11,0,0,1,0,0,2026-03-12,1,Orientation,South Center,4,1
JB002037,D,0,34,14,0,0,0,1,2886,,,,,,0
JB002038,D,0,37,13,0,0,0,0,0,,,,,,0
JB002039,D,0,34,16,1,2539,1,0,0,2026-03-23,1,Orientation,South Center,4,1
JB002040,D,1,34,17,1,2973,1,1,3343,2026-03-04,1,Orientation,South Center,4,1
JB002041,D,1,49,14,0,0,0,1,2982,,,,,,0
JB002042,D,0,31,15,0,0,1,1,2848,2026-03-11,1,Orientation,South Center,4,1
JB002043,D,1,37,12,0,0,0,0,0,,,,,,0
JB002044,D,1,50,16,1,3286,0,0,0,,,,,,0
JB002045,D,1,19,11,0,0,0,1,2456,,,,,,0
JB002046,D,0,47,9,1,2449,1,1,2352,,,,,,0
JB002047,D,0,54,18,1,3374,0,1,4057,,,,,,0
JB002048,D,1,21,18,0,0,0,0,0,,,,,,0
JB002049,D,1,28,17,1,2802,1,1,2769,2026-03-24,1,Orientation,South Center,4,1
JB002049,D,1,28,17,1,2802,1,1,2769,2026-04-21,2,Skills workshop,South Center,6,1
JB002050,D,0,30,11,0,0,0,0,0,,,,,,0
JB002051,D,0,48,15,0,0,0,1,2834,,,,,,0
JB002052,D,0,50,16,1,2964,0,1,2918,,,,,,0
JB002053,D,0,54,13,1,2048,1,0,0,2026-03-05,1,Orientation,South Center,4,1
JB002054,D,0,52,12,0,0,1,1,3355,2026-03-13,1,Orientation,South Center,4,1
JB002055,D,1,30,9,1,1301,1,1,1711,,,,,,0
JB002056,D,1,47,9,0,0,0,1,2645,,,,,,0
JB002057,D,0,31,11,0,0,0,0,0,,,,,,0
JB002058,D,0,45,15,1,2981,1,1,3753,2026-03-26,1,Orientation,South Center,4,1
JB002058,D,0,45,15,1,2981,1,1,3753,2026-04-09,2,Skills workshop,South Center,6,1
JB002059,D,0,22,18,1,2461,0,1,3398,,,,,,0
JB002060,D,0,31,11,0,0,1,1,2875,2026-03-08,1,Orientation,South Center,4,1
JB002061,D,1,32,12,1,2078,1,0,0,2026-03-17,1,Orientation,South Center,4,1
JB002062,D,0,36,12,0,0,1,1,2575,2026-03-24,1,Orientation,South Center,4,1
JB002063,D,0,55,15,0,0,1,0,0,2026-03-16,1,Orientation,South Center,4,1
JB002064,D,0,53,12,1,1949,0,0,0,,,,,,0
JB002065,D,0,35,13,1,1970,0,1,2372,,,,,,0
JB002066,D,1,34,10,0,0,0,0,0,2026-03-04,1,Orientation,South Center,4,1
JB002067,D,1,43,15,1,2468,1,1,2690,2026-03-03,1,Orientation,South Center,4,1
JB002068,D,1,33,18,1,2308,1,1,3221,2026-03-19,1,Orientation,South Center,4,1
JB002069,D,1,24,17,1,2458,1,1,2640,2026-03-06,1,Orientation,South Center,4,1
JB002070,D,1,36,12,1,2326,1,1,2184,2026-03-26,1,Orientation,South Center,4,1
JB002071,D,1,36,16,1,2210,0,0,0,,,,,,0
JB002072,D,0,39,14,0,0,1,1,3593,,,,,,0
JB002073,D,0,50,11,0,0,0,1,2337,,,,,,0
JB002074,D,1,30,17,1,2178,1,1,3005,2026-03-10,1,Orientation,South Center,4,1
JB002075,D,0,48,15,1,2558,1,1,3041,2026-03-08,1,Orientation,South Center,4,1
JB002076,D,0,25,14,0,0,1,1,3244,2026-03-13,1,Orientation,South Center,4,1
JB002077,D,0,20,11,1,2099,1,1,2198,,,,,,0
JB002078,D,1,20,11,0,0,1,1,2406,2026-03-08,1,Orientation,South Center,4,1
JB002079,D,0,53,15,1,3120,1,0,0,2026-03-22,1,Orientation,South Center,4,1
JB002079,D,0,53,15,1,3120,1,0,0,2026-04-04,2,Skills workshop,South Center,6,1
JB002080,D,1,53,17,1,2762,1,0,0,2026-03-22,1,Orientation,South Center,4,1
JB002080,D,1,53,17,1,2762,1,0,0,2026-04-25,2,Skills workshop,South Center,6,1
JB002080,D,1,53,17,1,2762,1,0,0,2026-05-26,3,Job placement,South Center,6,1
JB002081,D,1,36,15,1,1994,0,1,3311,,,,,,0
JB002082,D,0,43,11,0,0,0,1,2325,,,,,,0
JB002083,D,0,48,17,0,0,0,1,3660,,,,,,0
JB002084,D,1,40,14,1,2283,0,1,3355,,,,,,0
JB002085,D,1,29,15,1,2734,0,1,3035,,,,,,0
JB002086,D,0,34,9,1,2063,1,1,2732,2026-03-12,1,Orientation,South Center,4,1
JB002087,D,0,23,9,1,1429,1,0,0,2026-03-04,1,Orientation,South Center,4,1
JB002087,D,0,23,9,1,1429,1,0,0,2026-04-18,2,Skills workshop,South Center,6,1
JB002088,D,0,45,14,0,0,1,1,3448,2026-03-20,1,Orientation,South Center,4,1
JB002088,D,0,45,14,0,0,1,1,3448,2026-04-24,2,Skills workshop,South Center,6,1
JB002089,D,1,28,16,0,0,0,0,0,,,,,,0
JB002090,D,1,43,18,1,3212,0,1,3167,,,,,,0
JB002091,D,1,23,10,1,1407,0,1,1803,,,,,,0
JB002092,D,0,19,10,0,0,1,1,1837,2026-03-14,1,Orientation,South Center,4,1
JB002093,D,0,42,12,0,0,0,0,0,,,,,,0
JB002094,D,0,35,11,1,2367,1,1,1996,2026-03-21,1,Orientation,South Center,4,1
JB002095,D,1,48,17,1,2405,0,1,2968,,,,,,0
JB002096,D,0,21,14,1,2503,0,1,2297,,,,,,0
JB002097,D,1,23,15,1,2201,0,0,0,,,,,,0
JB002098,D,1,51,14,1,2699,0,0,0,,,,,,0
JB002099,D,0,34,12,0,0,1,1,2925,2026-03-08,1,Orientation,South Center,4,1
JB002100,D,1,27,11,0,0,1,1,2905,2026-03-21,1,Orientation,South Center,4,1
JB002100,D,1,27,11,0,0,1,1,2905,2026-04-06,2,Skills workshop,South Center,6,1
JB002101,D,0,44,16,1,2796,1,1,3359,2026-03-06,1,Orientation,South Center,4,1
JB002101,D,0,44,16,1,2796,1,1,3359,2026-04-24,2,Skills workshop,South Center,6,1
JB002102,D,0,29,12,0,0,1,0,0,2026-03-07,1,Orientation,South Center,4,1
JB002102,D,0,29,12,0,0,1,0,0,2026-04-24,2,Skills workshop,South Center,6,1
JB002102,D,0,29,12,0,0,1,0,0,2026-05-16,3,Job placement,South Center,6,1
JB002103,D,1,40,17,1,2688,1,1,3130,,,,,,0
JB002104,D,1,42,14,0,0,0,1,2322,,,,,,0
JB002105,D,1,32,17,1,2753,0,1,2764,,,,,,0
JB002106,D,0,36,10,1,2016,1,1,2392,2026-03-16,1,Orientation,South Center,4,1
JB002107,D,1,23,18,1,2211,0,1,2548,,,,,,0
JB002108,D,0,53,14,0,0,1,1,3222,2026-03-12,1,Orientation,South Center,4,1
JB002108,D,0,53,14,0,0,1,1,3222,2026-04-06,2,Skills workshop,South Center,6,1
JB002109,D,0,54,12,1,2872,0,1,3329,,,,,,0
JB002110,D,1,46,18,1,2740,1,0,0,2026-03-20,1,Orientation,South Center,4,1
JB002111,D,0,48,11,0,0,0,0,0,,,,,,0
JB002112,D,0,22,12,1,2114,1,1,2348,2026-03-17,1,Orientation,South Center,4,1
JB002113,D,1,34,11,1,1919,1,0,0,,,,,,0
JB002114,D,0,31,10,0,0,0,1,2702,,,,,,0
JB002115,D,0,19,13,1,1643,0,1,1813,,,,,,0
JB002116,D,1,47,18,0,0,0,1,3171,,,,,,0
JB002117,D,0,52,10,1,2350,0,0,0,,,,,,0
JB002118,D,0,36,10,0,0,1,1,1836,2026-03-06,1,Orientation,South Center,4,1
JB002119,D,0,28,12,1,2439,0,1,1763,,,,,,0
JB002120,D,0,44,16,1,2638,0,1,3197,,,,,,0
JB002121,D,0,23,9,0,0,1,0,0,2026-03-23,1,Orientation,South Center,4,1
JB002122,D,1,22,11,1,1539,0,0,0,,,,,,0
JB002123,D,1,32,13,0,0,0,0,0,,,,,,0
JB002124,D,1,46,15,0,0,0,1,2765,,,,,,0
JB002125,D,1,22,14,0,0,0,1,2068,,,,,,0
JB002126,D,1,21,18,0,0,0,1,3313,,,,,,0
JB002127,D,1,35,10,1,1551,0,0,0,,,,,,0
JB002128,D,1,22,10,0,0,1,0,0,,,,,,0
JB002129,D,1,36,15,0,0,0,0,0,2026-03-21,1,Orientation,South Center,4,1
JB002130,D,1,25,9,0,0,0,1,2474,,,,,,0
JB002131,D,0,20,15,0,0,1,1,2413,2026-03-19,1,Orientation,South Center,4,1
JB002132,D,0,33,15,0,0,1,0,0,2026-03-17,1,Orientation,South Center,4,1
JB002132,D,0,33,15,0,0,1,0,0,2026-04-19,2,Skills workshop,South Center,6,1
JB002133,D,0,26,9,0,0,1,1,1866,2026-03-15,1,Orientation,South Center,4,1
JB002134,D,1,34,10,0,0,0,0,0,,,,,,0
JB002135,D,0,23,13,1,2286,1,1,2230,2026-03-12,1,Orientation,South Center,4,1
JB002136,D,1,30,17,1,2512,1,1,2890,2026-03-23,1,Orientation,South Center,4,1
JB002137,D,0,50,18,0,0,1,1,3254,2026-03-16,1,Orientation,South Center,4,1
JB002137,D,0,50,18,0,0,1,1,3254,2026-04-21,2,Skills workshop,South Center,6,1
JB002138,D,0,40,11,1,2174,1,0,0,2026-03-04,1,Orientation,South Center,4,1
JB002139,D,0,34,16,0,0,0,0,0,,,,,,0
JB002140,D,1,19,13,0,0,0,1,1820,,,,,,0
JB002141,D,1,55,9,0,0,0,1,2624,,,,,,0
JB002142,D,1,20,10,1,1842,1,0,0,,,,,,0
JB002143,D,0,26,9,1,2067,0,1,1431,,,,,,0
JB002144,D,1,31,15,1,2880,1,1,3577,2026-03-06,1,Orientation,South Center,4,1
JB002144,D,1,31,15,1,2880,1,1,3577,2026-04-05,2,Skills workshop,South Center,6,1
JB002144,D,1,31,15,1,2880,1,1,3577,2026-05-12,3,Job placement,South Center,6,1
JB002145,D,1,49,18,1,2730,0,0,0,,,,,,0
JB002146,D,1,22,16,1,2145,1,0,0,2026-03-21,1,Orientation,South Center,4,1
JB002147,D,1,20,17,1,2277,1,1,3125,2026-03-18,1,Orientation,South Center,4,1
JB002148,D,1,53,15,0,0,0,0,0,,,,,,0
JB002149,D,1,39,10,1,1888,1,1,2449,2026-03-23,1,Orientation,South Center,4,1
JB002150,D,1,49,14,1,2276,0,1,2702,,,,,,0
JB002151,D,1,41,11,0,0,1,0,0,,,,,,0
JB002152,D,1,55,18,1,3470,0,1,3652,,,,,,0
JB002153,D,1,51,11,0,0,0,1,3123,,,,,,0
JB002154,D,0,47,9,0,0,1,1,2438,2026-03-26,1,Orientation,South Center,4,1
JB002155,D,1,52,18,0,0,0,1,3853,,,,,,0
JB002156,D,1,24,11,0,0,0,0,0,,,,,,0
JB002157,D,0,36,17,1,2418,0,1,3139,,,,,,0
JB002158,D,1,44,9,1,1892,1,1,2842,2026-03-03,1,Orientation,South Center,4,1
JB002159,D,1,53,11,0,0,1,1,3244,2026-03-09,1,Orientation,South Center,4,1
JB002160,D,1,43,16,0,0,1,1,2840,2026-03-24,1,Orientation,South Center,4,1
JB002160,D,1,43,16,0,0,1,1,2840,2026-04-04,2,Skills workshop,South Center,6,1
JB002161,D,0,20,13,0,0,1,1,2807,2026-03-03,1,Orientation,South Center,4,1
JB002162,D,0,46,11,1,1684,1,1,2528,2026-03-15,1,Orientation,South Center,4,1
JB002162,D,0,46,11,1,1684,1,1,2528,2026-04-15,2,Skills workshop,South Center,6,1
JB002163,D,1,19,17,1,2449,1,0,0,,,,,,0
JB002164,D,0,33,13,1,2446,1,0,0,2026-03-19,1,Orientation,South Center,4,1
JB002165,D,1,30,16,1,2743,0,1,2743,,,,,,0
JB002166,D,0,49,18,1,3209,1,1,3358,2026-03-06,1,Orientation,South Center,4,1
JB002167,D,0,47,15,0,0,1,0,0,2026-03-04,1,Orientation,South Center,4,1
JB002168,D,0,43,17,0,0,0,1,3581,2026-03-26,1,Orientation,South Center,4,1
JB002169,D,1,41,18,1,2398,0,0,0,,,,,,0
JB002170,D,1,43,17,1,3049,1,1,3133,2026-03-23,1,Orientation,South Center,4,1
JB002170,D,1,43,17,1,3049,1,1,3133,2026-04-22,2,Skills workshop,South Center,6,1
JB002170,D,1,43,17,1,3049,1,1,3133,2026-05-05,3,Job placement,South Center,6,1
JB002171,D,0,39,17,1,2818,1,1,3903,2026-03-18,1,Orientation,South Center,4,1
JB002171,D,0,39,17,1,2818,1,1,3903,2026-04-03,2,Skills workshop,South Center,6,1
JB002172,D,0,50,12,1,2360,0,0,0,,,,,,0
JB002173,D,1,36,15,1,2466,0,0,0,,,,,,0
JB002174,D,0,45,9,1,2256,1,1,2346,2026-03-03,1,Orientation,South Center,4,1
JB002174,D,0,45,9,1,2256,1,1,2346,2026-04-16,2,Skills workshop,South Center,6,1
JB002175,D,0,41,14,1,2740,0,1,2336,,,,,,0
JB002176,D,1,50,17,0,0,1,1,3609,2026-03-04,1,Orientation,South Center,4,1
JB002177,D,1,47,15,0,0,0,1,3684,,,,,,0
JB002178,D,1,45,14,0,0,1,1,3527,,,,,,0
JB002179,D,0,44,14,1,2924,0,0,0,,,,,,0
JB002180,D,1,52,13,1,2441,0,1,2726,,,,,,0
JB002181,D,1,53,18,1,2603,0,0,0,,,,,,0
JB002182,D,1,21,11,0,0,1,0,0,2026-03-03,1,Orientation,South Center,4,1
JB002182,D,1,21,11,0,0,1,0,0,2026-04-17,2,Skills workshop,South Center,6,1
JB002182,D,1,21,11,0,0,1,0,0,2026-05-15,3,Job placement,South Center,6,1
JB002183,D,1,47,18,0,0,0,0,0,,,,,,0
JB002184,D,1,22,9,0,0,0,0,0,,,,,,0
JB002185,D,1,27,9,0,0,1,0,0,2026-03-10,1,Orientation,South Center,4,1
JB002185,D,1,27,9,0,0,1,0,0,2026-04-08,2,Skills workshop,South Center,6,1
JB002186,D,1,49,11,1,2351,1,1,2498,2026-03-06,1,Orientation,South Center,4,1
JB002187,D,0,26,16,0,0,0,1,2699,,,,,,0
JB002188,D,0,42,10,0,0,0,0,0,,,,,,0
JB002189,D,0,48,14,0,0,1,1,2679,2026-03-15,1,Orientation,South Center,4,1
JB002190,D,1,49,9,0,0,0,1,2064,,,,,,0
JB002191,D,0,48,14,1,2081,0,1,3415,,,,,,0
JB002192,D,0,50,15,0,0,1,0,0,2026-03-19,1,Orientation,South Center,4,1
JB002192,D,0,50,15,0,0,1,0,0,2026-04-23,2,Skills workshop,South Center,6,1
JB002192,D,0,50,15,0,0,1,0,0,2026-05-23,3,Job placement,South Center,6,1
JB002193,D,0,33,17,1,2351,1,1,3087,2026-03-10,1,Orientation,South Center,4,1
JB002194,D,1,55,15,1,2653,0,1,3516,,,,,,0
JB002195,D,1,31,10,1,2242,0,0,0,,,,,,0
JB002196,D,1,19,14,1,2027,0,1,2507,,,,,,0
JB002197,D,0,48,10,0,0,1,0,0,2026-03-23,1,Orientation,South Center,4,1
JB002198,D,0,46,17,0,0,1,0,0,2026-03-23,1,Orientation,South Center,4,1
JB002199,D,1,34,17,1,3035,0,1,2707,,,,,,0
JB002200,D,1,47,17,0,0,1,1,3887,2026-03-13,1,Orientation,South Center,4,1
JB002201,D,1,50,11,1,2221,1,1,3269,2026-03-18,1,Orientation,South Center,4,1
JB002202,D,0,50,12,0,0,0,1,2951,,,,,,0
JB002203,D,0,47,10,1,2527,0,0,0,,,,,,0
JB002204,D,1,33,14,1,2171,0,1,2726,,,,,,0
JB002205,D,0,22,11,0,0,0,1,2647,,,,,,0
JB002206,D,0,51,16,0,0,0,0,0,,,,,,0
JB002207,D,1,52,16,0,0,0,1,2786,,,,,,0
JB002208,D,0,31,16,1,2101,0,1,2425,,,,,,0
JB002209,D,1,52,12,1,2111,0,0,0,,,,,,0
JB002210,D,1,54,16,1,2603,1,0,0,,,,,,0
JB002211,D,1,37,16,1,2752,1,1,3333,2026-03-14,1,Orientation,South Center,4,1
JB002212,D,1,44,16,0,0,0,1,3417,,,,,,0
JB002213,D,1,37,17,0,0,1,1,2958,2026-03-18,1,Orientation,South Center,4,1
JB002213,D,1,37,17,0,0,1,1,2958,2026-04-09,2,Skills workshop,South Center,6,1
JB002214,D,1,41,10,1,2064,0,0,0,,,,,,0
JB002215,D,1,41,10,0,0,0,0,0,,,,,,0
JB002216,D,0,28,10,0,0,0,1,1516,,,,,,0
JB002217,D,1,43,11,1,1867,0,1,2361,,,,,,0
JB002218,D,1,27,13,1,2376,1,1,2434,2026-03-08,1,Orientation,South Center,4,1
JB002219,D,1,28,17,1,2367,0,1,3585,,,,,,0
JB002220,D,1,52,18,0,0,1,1,4117,2026-03-26,1,Orientation,South Center,4,1
JB002220,D,1,52,18,0,0,1,1,4117,2026-04-21,2,Skills workshop,South Center,6,1
JB002221,D,1,26,18,1,2814,0,1,2813,,,,,,0
JB002222,D,1,27,14,1,2267,0,1,2412,,,,,,0
JB002223,D,0,31,17,0,0,1,1,2791,2026-03-10,1,Orientation,South Center,4,1
JB002224,D,1,25,11,1,1508,1,1,2585,2026-03-10,1,Orientation,South Center,4,1
JB002225,D,0,22,11,0,0,1,1,2769,2026-03-09,1,Orientation,South Center,4,1
JB002226,D,0,36,14,0,0,0,1,2601,,,,,,0
JB002227,D,1,19,12,1,1538,0,1,2258,,,,,,0
JB002228,D,0,26,16,1,2533,1,1,2552,2026-03-12,1,Orientation,South Center,4,1
JB002228,D,0,26,16,1,2533,1,1,2552,2026-04-12,2,Skills workshop,South Center,6,1
JB002229,D,1,52,10,1,2345,0,0,0,,,,,,0
JB002230,D,0,34,15,1,2749,1,1,2817,2026-03-19,1,Orientation,South Center,4,1
JB002231,D,1,33,18,1,2837,1,0,0,2026-03-26,1,Orientation,South Center,4,1
JB002231,D,1,33,18,1,2837,1,0,0,2026-04-18,2,Skills workshop,South Center,6,1
JB002232,D,1,34,18,1,2397,1,1,3046,2026-03-11,1,Orientation,South Center,4,1
JB002233,D,1,55,14,1,2535,0,0,0,,,,,,0
JB002234,D,0,24,15,1,2419,0,0,0,,,,,,0
JB002235,D,1,49,14,1,2802,1,1,3447,2026-03-22,1,Orientation,South Center,4,1
JB002236,D,1,29,13,0,0,0,1,2413,,,,,,0
JB002237,D,0,27,14,0,0,0,1,3141,,,,,,0
JB002238,D,1,54,14,1,2887,0,0,0,,,,,,0
JB002239,D,0,19,12,1,1461,0,1,2500,,,,,,0
JB002240,D,0,31,17,1,2517,1,1,3364,,,,,,0
JB002241,D,1,23,14,0,0,1,0,0,2026-03-17,1,Orientation,South Center,4,1
JB002242,D,1,39,14,0,0,0,0,0,,,,,,0
JB002243,D,0,22,15,0,0,0,1,2669,,,,,,0
JB002244,D,1,51,15,1,2915,0,1,3518,,,,,,0
JB002245,D,0,26,12,1,2320,1,0,0,2026-03-17,1,Orientation,South Center,4,1
JB002246,D,1,40,12,0,0,1,1,2607,2026-03-06,1,Orientation,South Center,4,1
JB002247,D,0,19,16,1,2633,1,1,3096,2026-03-23,1,Orientation,South Center,4,1
JB002248,D,0,39,15,1,2211,0,1,3357,,,,,,0
JB002249,D,1,45,15,1,2871,0,1,3125,,,,,,0
JB002250,D,1,40,15,0,0,1,1,2937,2026-03-22,1,Orientation,South Center,4,1
JB002251,D,0,24,14,1,2139,1,1,2362,2026-03-17,1,Orientation,South Center,4,1
JB002252,D,1,42,11,0,0,0,0,0,,,,,,0
JB002253,D,1,55,14,1,2598,0,1,2604,,,,,,0
JB002254,D,0,31,15,1,1897,1,1,3045,2026-03-05,1,Orientation,South Center,4,1
JB002254,D,0,31,15,1,1897,1,1,3045,2026-04-25,2,Skills workshop,South Center,6,1
JB002255,D,0,47,17,1,3272,0,1,3146,,,,,,0
JB002256,D,1,37,10,1,1860,0,1,2511,2026-03-07,1,Orientation,South Center,4,1
JB002257,D,1,22,15,1,1778,0,1,2310,,,,,,0
JB002258,D,0,26,12,1,1571,1,1,3021,2026-03-24,1,Orientation,South Center,4,1
JB002259,D,1,44,9,0,0,1,1,2134,2026-03-24,1,Orientation,South Center,4,1
JB002259,D,1,44,9,0,0,1,1,2134,2026-04-11,2,Skills workshop,South Center,6,1
JB002260,D,1,54,18,1,2695,1,1,3571,2026-03-15,1,Orientation,South Center,4,1
JB002261,D,0,35,17,0,0,0,1,3502,,,,,,0
JB002262,D,0,38,17,1,2513,1,1,3475,2026-03-16,1,Orientation,South Center,4,1
JB002263,D,0,25,17,1,2631,0,1,3194,,,,,,0
JB002264,D,0,48,18,1,2726,1,0,0,2026-03-06,1,Orientation,South Center,4,1
JB002265,D,1,22,11,0,0,1,1,2738,2026-03-05,1,Orientation,South Center,4,1
JB002266,D,0,21,14,1,2445,1,1,2994,2026-03-15,1,Orientation,South Center,4,1
JB002267,D,1,32,12,0,0,1,0,0,2026-03-24,1,Orientation,South Center,4,1
JB002268,D,0,36,13,0,0,1,0,0,2026-03-19,1,Orientation,South Center,4,1
JB002269,D,1,20,16,0,0,1,1,3368,2026-03-10,1,Orientation,South Center,4,1
JB002270,D,0,25,16,1,2033,1,1,3091,2026-03-09,1,Orientation,South Center,4,1
JB002271,D,1,20,13,0,0,0,1,2043,,,,,,0
JB002272,D,0,27,15,0,0,1,1,2392,2026-03-05,1,Orientation,South Center,4,1
JB002273,D,1,25,12,1,2144,1,0,0,2026-03-11,1,Orientation,South Center,4,1
JB002274,D,1,35,9,1,1781,1,0,0,2026-03-15,1,Orientation,South Center,4,1
JB002275,D,0,21,11,1,1574,0,1,2558,,,,,,0
JB002276,D,0,54,10,0,0,0,1,3067,,,,,,0
JB002277,D,1,25,13,0,0,1,1,2624,2026-03-20,1,Orientation,South Center,4,1
JB002278,D,0,30,12,1,1741,0,1,2791,,,,,,0
JB002279,D,1,19,18,0,0,0,1,3199,,,,,,0
JB002280,D,1,54,18,1,3272,1,1,4406,2026-03-25,1,Orientation,South Center,4,1
JB002280,D,1,54,18,1,3272,1,1,4406,2026-04-21,2,Skills workshop,South Center,6,1
JB002281,D,0,38,14,1,1962,1,1,3003,2026-03-25,1,Orientation,South Center,4,1
JB002282,D,0,34,12,0,0,1,0,0,,,,,,0
JB002283,D,1,47,14,1,2043,1,1,3256,2026-03-25,1,Orientation,South Center,4,1
JB002284,D,1,55,17,1,3468,1,0,0,2026-03-16,1,Orientation,South Center,4,1
JB002285,D,0,46,15,1,2923,0,1,3587,,,,,,0
JB002286,D,0,23,18,1,2624,0,1,3515,,,,,,0
JB002287,D,0,39,12,0,0,1,1,3327,2026-03-22,1,Orientation,South Center,4,1
JB002288,D,0,40,10,1,2150,1,0,0,2026-03-07,1,Orientation,South Center,4,1
JB002288,D,0,40,10,1,2150,1,0,0,2026-04-09,2,Skills workshop,South Center,6,1
JB002288,D,0,40,10,1,2150,1,0,0,2026-05-14,3,Job placement,South Center,6,1
JB002289,D,0,40,11,1,2498,0,1,2678,,,,,,0
JB002290,D,0,22,17,1,2734,0,1,2997,,,,,,0
JB002291,D,1,41,14,0,0,0,1,2545,,,,,,0
JB002292,D,1,42,13,1,2634,0,1,3227,,,,,,0
JB002293,D,0,41,13,0,0,1,1,2365,2026-03-09,1,Orientation,South Center,4,1
JB002294,D,1,47,16,1,2798,0,1,3113,,,,,,0
JB002295,D,1,47,15,1,3023,0,1,3083,,,,,,0
JB002296,D,0,28,9,1,1861,0,0,0,,,,,,0
JB002297,D,0,38,16,0,0,1,0,0,2026-03-14,1,Orientation,South Center,4,1
JB002298,D,1,49,12,0,0,1,1,2437,2026-03-10,1,Orientation,South Center,4,1
JB002299,D,0,39,10,0,0,1,1,2087,2026-03-19,1,Orientation,South Center,4,1
JB002300,D,0,48,12,1,2637,0,1,3113,,,,,,0
JB002301,D,0,38,14,0,0,0,0,0,,,,,,0
JB002302,D,1,53,15,1,2990,0,1,3539,,,,,,0
JB002303,D,1,27,13,0,0,0,0,0,,,,,,0
JB002304,D,0,49,15,1,2564,1,1,3697,2026-03-04,1,Orientation,South Center,4,1
JB002304,D,0,49,15,1,2564,1,1,3697,2026-04-17,2,Skills workshop,South Center,6,1
JB002305,D,0,30,18,1,2463,0,1,3308,,,,,,0
JB002306,D,1,24,9,1,1430,1,0,0,2026-03-08,1,Orientation,South Center,4,1
JB002307,D,0,20,16,1,2184,0,1,2291,,,,,,0
JB002308,D,1,35,11,0,0,0,1,1790,,,,,,0
JB002309,D,0,51,16,0,0,0,0,0,,,,,,0
JB002310,D,1,37,10,0,0,1,0,0,2026-03-14,1,Orientation,South Center,4,1
JB002311,D,1,24,18,0,0,0,0,0,,,,,,0
JB002312,D,1,47,11,1,1955,0,1,2142,,,,,,0
JB002313,D,1,19,11,1,2018,0,1,2053,,,,,,0
JB002314,D,1,41,14,0,0,1,1,3037,2026-03-09,1,Orientation,South Center,4,1
JB002314,D,1,41,14,0,0,1,1,3037,2026-04-04,2,Skills workshop,South Center,6,1
JB002315,D,0,53,9,0,0,0,1,2753,,,,,,0
JB002316,D,0,34,17,1,2892,0,0,0,,,,,,0
JB002317,D,1,55,12,0,0,1,0,0,,,,,,0
JB002318,D,1,53,13,0,0,0,1,2822,,,,,,0
JB002319,D,1,27,12,0,0,0,0,0,,,,,,0
JB002320,D,0,37,10,1,1855,0,1,2648,,,,,,0
JB002321,D,0,20,16,1,2690,0,0,0,,,,,,0
JB002322,D,1,55,9,0,0,1,1,2712,2026-03-04,1,Orientation,South Center,4,1
JB002323,D,0,48,17,1,2535,0,1,2841,,,,,,0
JB002324,D,1,50,9,1,2260,0,1,2476,,,,,,0
JB002325,D,0,30,16,1,2363,1,1,2939,2026-03-06,1,Orientation,South Center,4,1
JB002326,D,0,30,16,1,2717,0,1,3331,,,,,,0
JB002327,D,0,39,12,1,1783,0,1,2434,,,,,,0
JB002328,D,0,31,13,1,2457,1,1,2441,2026-03-17,1,Orientation,South Center,4,1
JB002329,D,1,52,10,1,2128,0,1,2177,,,,,,0
JB002330,D,1,34,9,0,0,1,1,2345,,,,,,0
JB002331,D,0,35,14,0,0,0,1,2225,,,,,,0
JB002332,D,0,44,13,0,0,1,1,3308,2026-03-16,1,Orientation,South Center,4,1
JB002333,D,0,34,11,0,0,1,0,0,2026-03-08,1,Orientation,South Center,4,1
JB002334,D,1,25,13,0,0,0,0,0,,,,,,0
JB002335,D,1,19,18,1,2561,0,1,3112,,,,,,0
JB002336,D,0,21,11,0,0,0,1,2529,,,,,,0
JB002337,D,1,23,11,0,0,0,1,2408,,,,,,0
JB002338,D,1,25,12,0,0,1,1,1998,2026-03-23,1,Orientation,South Center,4,1
JB002338,D,1,25,12,0,0,1,1,1998,2026-04-20,2,Skills workshop,South Center,6,1
JB002339,D,0,41,17,1,2377,0,1,3728,,,,,,0
JB002340,D,1,22,13,0,0,0,0,0,,,,,,0
JB002341,D,0,35,13,0,0,0,0,0,,,,,,0
JB002342,D,0,31,17,1,2654,1,1,3077,2026-03-10,1,Orientation,South Center,4,1
JB002342,D,0,31,17,1,2654,1,1,3077,2026-04-10,2,Skills workshop,South Center,6,1
JB002343,D,0,20,11,0,0,1,1,1945,2026-03-17,1,Orientation,South Center,4,1
JB002343,D,0,20,11,0,0,1,1,1945,2026-04-03,2,Skills workshop,South Center,6,1
JB002343,D,0,20,11,0,0,1,1,1945,2026-05-15,3,Job placement,South Center,6,1
JB002344,D,1,21,12,0,0,1,1,2805,,,,,,0
JB002345,D,1,43,11,0,0,1,0,0,2026-03-23,1,Orientation,South Center,4,1
JB002346,D,0,38,16,1,2677,0,1,3517,,,,,,0
JB002347,D,1,23,15,0,0,0,1,2938,,,,,,0
JB002348,D,1,27,10,0,0,0,1,1527,,,,,,0
JB002349,D,0,36,10,0,0,0,1,2288,,,,,,0
JB002350,D,0,37,12,0,0,0,1,2417,,,,,,0
JB002351,D,0,47,11,1,1809,1,0,0,2026-03-13,1,Orientation,South Center,4,1
JB002352,D,1,21,10,1,2093,1,0,0,2026-03-20,1,Orientation,South Center,4,1
JB002353,D,1,23,15,0,0,0,1,2538,,,,,,0
JB002354,D,1,33,10,0,0,1,0,0,2026-03-20,1,Orientation,South Center,4,1
JB002354,D,1,33,10,0,0,1,0,0,2026-04-13,2,Skills workshop,South Center,6,1
JB002355,D,0,20,10,0,0,0,0,0,,,,,,0
JB002356,D,0,28,10,1,1302,1,1,2637,2026-03-22,1,Orientation,South Center,4,1
JB002357,D,1,44,12,1,2358,1,1,2939,,,,,,0
JB002358,D,0,38,14,1,2041,0,0,0,,,,,,0
JB002359,D,1,34,16,0,0,0,0,0,,,,,,0
JB002360,D,0,22,12,1,1740,1,0,0,2026-03-23,1,Orientation,South Center,4,1
JB002361,D,0,55,16,0,0,1,1,3047,2026-03-06,1,Orientation,South Center,4,1
JB002362,D,1,25,15,0,0,0,1,3223,,,,,,0
JB002363,D,1,37,15,1,2182,1,1,3081,2026-03-16,1,Orientation,South Center,4,1
JB002364,D,0,32,16,1,2837,0,1,2377,,,,,,0
JB002365,D,0,26,17,1,2427,1,0,0,2026-03-05,1,Orientation,South Center,4,1
JB002365,D,0,26,17,1,2427,1,0,0,2026-04-13,2,Skills workshop,South Center,6,1
JB002366,D,1,42,10,0,0,1,0,0,2026-03-18,1,Orientation,South Center,4,1
JB002367,D,0,20,11,1,1726,1,1,1716,2026-03-10,1,Orientation,South Center,4,1
JB002367,D,0,20,11,1,1726,1,1,1716,2026-04-06,2,Skills workshop,South Center,6,1
JB002367,D,0,20,11,1,1726,1,1,1716,2026-05-15,3,Job placement,South Center,6,1
JB002368,D,0,19,17,1,2004,0,0,0,,,,,,0
JB002369,D,0,36,17,1,2858,1,1,3152,2026-03-22,1,Orientation,South Center,4,1
JB002369,D,0,36,17,1,2858,1,1,3152,2026-04-08,2,Skills workshop,South Center,6,1
JB002369,D,0,36,17,1,2858,1,1,3152,2026-05-21,3,Job placement,South Center,6,1
JB002370,D,0,22,10,0,0,0,1,1722,,,,,,0
JB002371,D,1,52,12,1,2498,1,1,2503,2026-03-16,1,Orientation,South Center,4,1
JB002372,D,0,26,14,0,0,0,0,0,,,,,,0
JB002373,D,1,40,9,0,0,1,1,2554,2026-03-22,1,Orientation,South Center,4,1
JB002374,D,1,25,16,0,0,1,1,3557,2026-03-12,1,Orientation,South Center,4,1
JB002374,D,1,25,16,0,0,1,1,3557,2026-04-18,2,Skills workshop,South Center,6,1
JB002375,D,1,21,9,1,1537,0,1,1422,,,,,,0
JB002376,D,0,37,14,1,2563,1,0,0,2026-03-11,1,Orientation,South Center,4,1
JB002377,D,1,40,10,0,0,0,0,0,,,,,,0
JB002378,D,0,35,13,0,0,0,1,2969,,,,,,0
JB002379,D,1,22,18,1,2386,0,1,2503,,,,,,0
JB002380,D,0,42,10,0,0,0,0,0,,,,,,0
JB002381,D,0,25,15,0,0,0,0,0,,,,,,0
JB002382,D,1,34,11,1,1698,0,0,0,,,,,,0
JB002383,D,1,30,9,1,2141,0,0,0,,,,,,0
JB002384,D,0,36,18,1,3051,0,1,2874,,,,,,0
JB002385,D,0,50,11,0,0,1,1,2540,,,,,,0
JB002386,D,1,19,10,0,0,1,1,1625,2026-03-22,1,Orientation,South Center,4,1
JB002387,D,0,21,18,0,0,0,0,0,,,,,,0
JB002388,D,0,49,10,0,0,1,0,0,,,,,,0
JB002389,D,0,24,11,1,1717,0,1,2549,,,,,,0
JB002390,D,0,23,10,1,1540,1,1,2558,2026-03-22,1,Orientation,South Center,4,1
JB002390,D,0,23,10,1,1540,1,1,2558,2026-04-14,2,Skills workshop,South Center,6,1
JB002391,D,0,52,9,0,0,1,0,0,2026-03-25,1,Orientation,South Center,4,1
JB002391,D,0,52,9,0,0,1,0,0,2026-04-23,2,Skills workshop,South Center,6,1
JB002392,D,1,54,11,1,1844,0,1,2755,,,,,,0
JB002393,D,0,23,16,1,2656,0,0,0,,,,,,0
JB002394,D,1,32,10,1,1526,1,0,0,2026-03-22,1,Orientation,South Center,4,1
JB002395,D,0,34,18,0,0,0,0,0,,,,,,0
JB002396,D,0,32,18,0,0,0,0,0,,,,,,0
JB002397,D,0,20,15,0,0,0,0,0,,,,,,0
JB002398,D,1,44,12,1,2299,0,1,2286,,,,,,0
JB002399,D,0,53,9,1,2195,0,0,0,,,,,,0
JB002400,D,1,30,9,0,0,0,1,1778,,,,,,0
JB002401,E,1,41,15,1,2916,1,1,2707,2026-03-25,1,Orientation,West Center,4,1
JB002401,E,1,41,15,1,2916,1,1,2707,2026-04-22,2,Skills workshop,West Center,6,1
JB002401,E,1,41,15,1,2916,1,1,2707,2026-05-23,3,Job placement,West Center,6,1
JB002402,E,1,54,18,1,3351,0,1,3283,,,,,,0
JB002403,E,0,29,10,1,2304,1,1,1888,2026-03-07,1,Orientation,West Center,4,1
JB002403,E,0,29,10,1,2304,1,1,1888,2026-04-22,2,Skills workshop,West Center,6,1
JB002404,E,1,46,9,0,0,0,1,2358,,,,,,0
JB002405,E,0,53,11,1,2896,1,1,2746,2026-03-05,1,Orientation,West Center,4,1
JB002405,E,0,53,11,1,2896,1,1,2746,2026-04-15,2,Skills workshop,West Center,6,1
JB002406,E,0,23,12,0,0,1,1,1940,,,,,,0
JB002407,E,0,23,17,0,0,1,1,2643,2026-03-16,1,Orientation,West Center,4,1
JB002408,E,1,38,16,1,3063,0,0,0,,,,,,0
JB002409,E,1,51,13,1,2287,1,0,0,2026-03-26,1,Orientation,West Center,4,1
JB002410,E,1,31,10,0,0,1,0,0,2026-03-03,1,Orientation,West Center,4,1
JB002411,E,0,55,11,1,2170,1,0,0,2026-03-06,1,Orientation,West Center,4,1
JB002412,E,1,25,13,1,2069,0,0,0,,,,,,0
JB002413,E,0,49,17,1,3106,1,0,0,2026-03-18,1,Orientation,West Center,4,1
JB002413,E,0,49,17,1,3106,1,0,0,2026-04-21,2,Skills workshop,West Center,6,1
JB002414,E,1,50,12,0,0,1,1,2912,2026-03-05,1,Orientation,West Center,4,1
JB002415,E,0,32,11,1,1619,1,1,2863,2026-03-16,1,Orientation,West Center,4,1
JB002416,E,0,19,12,1,2295,0,0,0,,,,,,0
JB002417,E,0,28,11,0,0,1,1,2177,,,,,,0
JB002418,E,1,47,15,1,2792,0,1,3498,,,,,,0
JB002419,E,0,19,10,0,0,0,0,0,,,,,,0
JB002420,E,1,43,9,1,2289,0,1,2548,,,,,,0
JB002421,E,1,28,14,1,2654,1,1,2962,2026-03-14,1,Orientation,West Center,4,1
JB002422,E,0,37,15,0,0,1,0,0,,,,,,0
JB002423,E,0,49,13,1,2503,1,0,0,2026-03-26,1,Orientation,West Center,4,1
JB002424,E,1,25,12,1,1627,0,1,2014,2026-03-22,1,Orientation,West Center,4,1
JB002425,E,1,27,15,0,0,1,1,2425,2026-03-24,1,Orientation,West Center,4,1
JB002426,E,0,19,14,1,2188,1,1,2301,2026-03-04,1,Orientation,West Center,4,1
JB002426,E,0,19,14,1,2188,1,1,2301,2026-04-19,2,Skills workshop,West Center,6,1
JB002427,E,1,19,9,0,0,1,1,2210,2026-03-13,1,Orientation,West Center,4,1
JB002428,E,1,38,14,0,0,0,1,2498,,,,,,0
JB002429,E,1,29,18,1,2707,1,1,2906,2026-03-12,1,Orientation,West Center,4,1
JB002430,E,1,30,14,1,2551,1,1,2568,2026-03-07,1,Orientation,West Center,4,1
JB002431,E,0,31,18,1,3242,0,1,3713,,,,,,0
JB002432,E,0,24,15,1,2770,0,0,0,,,,,,0
JB002433,E,1,39,13,1,2595,1,1,3234,2026-03-17,1,Orientation,West Center,4,1
JB002434,E,1,20,14,1,2702,1,1,2905,2026-03-17,1,Orientation,West Center,4,1
JB002435,E,1,43,15,0,0,1,0,0,2026-03-12,1,Orientation,West Center,4,1
JB002436,E,0,25,10,1,2073,0,1,2217,,,,,,0
JB002437,E,1,33,18,1,2540,0,0,0,,,,,,0
JB002438,E,0,54,18,1,2787,1,0,0,2026-03-25,1,Orientation,West Center,4,1
JB002439,E,0,36,17,0,0,0,0,0,,,,,,0
JB002440,E,1,28,10,1,1960,1,0,0,,,,,,0
JB002441,E,1,39,10,1,2364,0,1,2631,,,,,,0
JB002442,E,0,47,15,1,2310,1,1,3958,2026-03-07,1,Orientation,West Center,4,1
JB002443,E,0,30,16,1,2678,0,0,0,,,,,,0
JB002444,E,1,30,13,0,0,1,1,3312,2026-03-22,1,Orientation,West Center,4,1
JB002445,E,1,47,17,1,2815,0,0,0,,,,,,0
JB002446,E,0,38,15,1,3065,1,1,3152,2026-03-17,1,Orientation,West Center,4,1
JB002446,E,0,38,15,1,3065,1,1,3152,2026-04-13,2,Skills workshop,West Center,6,1
JB002447,E,0,48,9,1,1674,1,1,2682,2026-03-15,1,Orientation,West Center,4,1
JB002448,E,0,25,10,0,0,0,0,0,,,,,,0
JB002449,E,0,43,16,0,0,1,1,3629,2026-03-05,1,Orientation,West Center,4,1
JB002450,E,1,40,9,1,1681,0,0,0,,,,,,0
JB002451,E,1,36,13,0,0,0,0,0,,,,,,0
JB002452,E,1,46,17,1,2914,0,0,0,,,,,,0
JB002453,E,1,30,12,0,0,0,1,2566,,,,,,0
JB002454,E,1,41,13,1,2889,0,1,2503,,,,,,0
JB002455,E,0,48,16,0,0,0,1,3772,,,,,,0
JB002456,E,1,36,11,1,2072,0,0,0,,,,,,0
JB002457,E,1,22,13,1,2300,1,1,2835,2026-03-09,1,Orientation,West Center,4,1
JB002458,E,1,55,11,0,0,0,1,3438,,,,,,0
JB002459,E,0,27,17,0,0,0,0,0,,,,,,0
JB002460,E,1,26,11,1,1823,0,0,0,,,,,,0
JB002461,E,1,23,14,1,2285,1,1,2947,2026-03-26,1,Orientation,West Center,4,1
JB002462,E,1,51,18,0,0,1,1,4214,2026-03-15,1,Orientation,West Center,4,1
JB002463,E,0,20,15,1,2357,0,1,2439,,,,,,0
JB002464,E,0,36,15,1,2492,0,1,3055,,,,,,0
JB002465,E,0,48,11,0,0,1,0,0,2026-03-04,1,Orientation,West Center,4,1
JB002465,E,0,48,11,0,0,1,0,0,2026-04-10,2,Skills workshop,West Center,6,1
JB002466,E,0,48,15,1,2551,0,1,3424,,,,,,0
JB002467,E,1,20,12,1,1614,1,1,3004,,,,,,0
JB002468,E,0,49,11,1,2289,0,1,2736,,,,,,0
JB002469,E,1,46,11,1,2195,0,0,0,,,,,,0
JB002470,E,1,28,16,1,2243,0,0,0,,,,,,0
JB002471,E,1,47,16,1,2512,0,0,0,,,,,,0
JB002472,E,1,50,10,1,2584,0,1,3080,,,,,,0
JB002473,E,0,37,15,1,2983,0,1,3205,2026-03-11,1,Orientation,West Center,4,1
JB002474,E,0,35,11,1,2015,1,0,0,2026-03-07,1,Orientation,West Center,4,1
JB002475,E,1,35,10,0,0,1,1,2591,2026-03-08,1,Orientation,West Center,4,1
JB002476,E,0,23,14,1,2287,0,0,0,,,,,,0
JB002477,E,0,34,13,1,2304,0,0,0,,,,,,0
JB002478,E,0,23,9,1,2122,0,1,1589,,,,,,0
JB002479,E,0,32,16,0,0,0,1,2867,,,,,,0
JB002480,E,1,50,16,1,3346,0,1,3888,2026-03-23,1,Orientation,West Center,4,1
JB002481,E,0,46,15,0,0,0,1,2691,,,,,,0
JB002482,E,1,36,17,1,2502,0,0,0,,,,,,0
JB002483,E,1,50,11,1,2663,0,1,2416,,,,,,0
JB002484,E,1,23,13,1,2583,1,0,0,2026-03-03,1,Orientation,West Center,4,1
JB002485,E,1,23,14,0,0,0,1,2500,,,,,,0
JB002486,E,0,29,13,0,0,1,0,0,2026-03-20,1,Orientation,West Center,4,1
JB002487,E,1,30,18,0,0,1,0,0,2026-03-04,1,Orientation,West Center,4,1
JB002488,E,1,26,17,1,2229,0,0,0,,,,,,0
JB002489,E,0,38,17,1,2874,0,1,3031,,,,,,0
JB002490,E,1,22,17,1,2307,0,1,2914,,,,,,0
JB002491,E,1,46,15,1,3204,1,1,3385,2026-03-21,1,Orientation,West Center,4,1
JB002492,E,1,38,10,1,2125,1,0,0,2026-03-07,1,Orientation,West Center,4,1
JB002493,E,1,39,12,0,0,1,1,2475,,,,,,0
JB002494,E,0,47,16,1,3019,1,0,0,2026-03-14,1,Orientation,West Center,4,1
JB002494,E,0,47,16,1,3019,1,0,0,2026-04-18,2,Skills workshop,West Center,6,1
JB002495,E,0,26,13,0,0,0,1,2539,,,,,,0
JB002496,E,0,53,16,0,0,1,0,0,2026-03-04,1,Orientation,West Center,4,1
JB002496,E,0,53,16,0,0,1,0,0,2026-04-05,2,Skills workshop,West Center,6,1
JB002497,E,1,49,17,1,3288,1,1,4064,2026-03-10,1,Orientation,West Center,4,1
JB002497,E,1,49,17,1,3288,1,1,4064,2026-04-16,2,Skills workshop,West Center,6,1
JB002498,E,0,37,9,0,0,1,0,0,2026-03-19,1,Orientation,West Center,4,1
JB002499,E,1,41,9,0,0,1,1,2547,,,,,,0
JB002500,E,1,27,10,0,0,1,0,0,2026-03-06,1,Orientation,West Center,4,1
JB002501,E,1,53,11,1,2342,0,0,0,,,,,,0
JB002502,E,0,42,10,1,2089,1,1,2255,2026-03-03,1,Orientation,West Center,4,1
JB002503,E,0,54,12,1,2768,1,1,2641,2026-03-10,1,Orientation,West Center,4,1
JB002504,E,1,26,11,0,0,1,0,0,2026-03-12,1,Orientation,West Center,4,1
JB002505,E,0,34,14,1,2916,0,0,0,,,,,,0
JB002506,E,1,44,18,1,2624,0,0,0,,,,,,0
JB002507,E,0,46,10,0,0,1,0,0,2026-03-16,1,Orientation,West Center,4,1
JB002508,E,0,30,10,0,0,0,1,2306,,,,,,0
JB002509,E,0,52,16,1,2690,1,1,3362,2026-03-07,1,Orientation,West Center,4,1
JB002509,E,0,52,16,1,2690,1,1,3362,2026-04-07,2,Skills workshop,West Center,6,1
JB002509,E,0,52,16,1,2690,1,1,3362,2026-05-22,3,Job placement,West Center,6,1
JB002510,E,1,35,14,1,2817,0,1,2600,,,,,,0
JB002511,E,1,46,10,0,0,0,1,2196,,,,,,0
JB002512,E,1,33,18,1,3206,1,0,0,2026-03-22,1,Orientation,West Center,4,1
JB002513,E,0,43,12,0,0,1,1,3425,2026-03-19,1,Orientation,West Center,4,1
JB002514,E,0,22,14,1,2573,0,1,3046,,,,,,0
JB002515,E,0,54,15,1,2760,0,0,0,,,,,,0
JB002516,E,0,47,15,1,2539,1,0,0,2026-03-22,1,Orientation,West Center,4,1
JB002517,E,0,37,9,0,0,1,1,2227,,,,,,0
JB002518,E,1,40,18,1,2883,0,0,0,,,,,,0
JB002519,E,0,46,13,1,2385,1,1,3257,2026-03-22,1,Orientation,West Center,4,1
JB002520,E,1,47,13,1,2539,0,0,0,2026-03-04,1,Orientation,West Center,4,1
JB002521,E,1,50,11,0,0,1,1,2971,2026-03-24,1,Orientation,West Center,4,1
JB002522,E,1,37,11,0,0,1,1,2419,2026-03-26,1,Orientation,West Center,4,1
JB002523,E,1,32,10,0,0,1,0,0,2026-03-14,1,Orientation,West Center,4,1
JB002524,E,0,26,14,1,2260,0,1,2747,,,,,,0
JB002525,E,1,19,17,0,0,0,1,2676,,,,,,0
JB002526,E,0,38,9,0,0,0,1,2773,,,,,,0
JB002527,E,1,40,14,1,2917,0,1,3068,,,,,,0
JB002528,E,1,53,13,1,2488,1,0,0,2026-03-20,1,Orientation,West Center,4,1
JB002529,E,0,42,9,1,2399,0,1,2490,,,,,,0
JB002530,E,0,51,17,0,0,0,1,3959,,,,,,0
JB002531,E,0,23,13,1,2352,1,1,2883,2026-03-13,1,Orientation,West Center,4,1
JB002532,E,1,42,17,1,2975,0,1,2979,,,,,,0
JB002533,E,1,22,17,1,3045,0,1,2929,,,,,,0
JB002534,E,0,38,10,0,0,0,1,2406,,,,,,0
JB002535,E,1,51,14,0,0,1,1,3803,2026-03-04,1,Orientation,West Center,4,1
JB002536,E,1,39,18,1,3323,0,1,3521,,,,,,0
JB002537,E,0,25,18,1,3026,0,0,0,,,,,,0
JB002538,E,0,27,13,1,2367,0,1,3061,,,,,,0
JB002539,E,1,32,14,1,2110,1,0,0,2026-03-20,1,Orientation,West Center,4,1
JB002540,E,1,35,15,1,2973,0,1,2986,,,,,,0
JB002541,E,0,33,15,0,0,1,0,0,2026-03-03,1,Orientation,West Center,4,1
JB002541,E,0,33,15,0,0,1,0,0,2026-04-03,2,Skills workshop,West Center,6,1
JB002542,E,0,25,11,0,0,1,1,2675,2026-03-04,1,Orientation,West Center,4,1
JB002543,E,0,19,14,0,0,1,0,0,2026-03-07,1,Orientation,West Center,4,1
JB002544,E,1,36,12,1,2327,1,1,2564,2026-03-24,1,Orientation,West Center,4,1
JB002545,E,0,40,12,1,2629,0,1,3100,,,,,,0
JB002546,E,0,28,18,1,3216,1,1,3685,2026-03-07,1,Orientation,West Center,4,1
JB002547,E,1,48,15,1,2980,1,1,3923,2026-03-15,1,Orientation,West Center,4,1
JB002548,E,1,35,16,1,2969,1,1,3418,2026-03-13,1,Orientation,West Center,4,1
JB002549,E,0,34,10,0,0,0,1,1802,,,,,,0
JB002550,E,0,38,15,1,3061,0,1,3048,,,,,,0
JB002551,E,1,26,14,1,2073,0,0,0,,,,,,0
JB002552,E,0,47,12,0,0,1,0,0,2026-03-16,1,Orientation,West Center,4,1
JB002553,E,1,38,16,0,0,0,1,2823,,,,,,0
JB002554,E,1,20,11,1,2356,0,1,1919,,,,,,0
JB002555,E,0,43,11,1,2581,0,1,2091,,,,,,0
JB002556,E,1,24,17,0,0,0,1,3497,,,,,,0
JB002557,E,0,30,10,1,2131,1,0,0,,,,,,0
JB002558,E,0,47,12,0,0,1,1,2597,2026-03-20,1,Orientation,West Center,4,1
JB002559,E,1,51,17,1,3016,0,0,0,,,,,,0
JB002560,E,1,45,12,1,2716,1,0,0,2026-03-04,1,Orientation,West Center,4,1
JB002560,E,1,45,12,1,2716,1,0,0,2026-04-14,2,Skills workshop,West Center,6,1
JB002561,E,1,44,17,0,0,1,1,3403,2026-03-05,1,Orientation,West Center,4,1
JB002562,E,1,43,16,1,2808,0,0,0,,,,,,0
JB002563,E,0,22,12,1,2365,0,1,2401,,,,,,0
JB002564,E,0,33,9,0,0,1,1,2246,2026-03-09,1,Orientation,West Center,4,1
JB002564,E,0,33,9,0,0,1,1,2246,2026-04-24,2,Skills workshop,West Center,6,1
JB002565,E,1,41,13,0,0,1,1,3616,2026-03-07,1,Orientation,West Center,4,1
JB002566,E,0,40,12,0,0,1,1,3091,2026-03-20,1,Orientation,West Center,4,1
JB002567,E,0,48,11,0,0,1,1,2645,2026-03-12,1,Orientation,West Center,4,1
JB002568,E,1,44,18,1,3057,1,1,3843,2026-03-21,1,Orientation,West Center,4,1
JB002569,E,1,29,14,1,1997,0,1,3311,,,,,,0
JB002570,E,0,35,13,0,0,1,1,3190,2026-03-22,1,Orientation,West Center,4,1
JB002571,E,1,40,17,1,2577,1,1,3768,2026-03-20,1,Orientation,West Center,4,1
JB002572,E,0,33,14,1,2452,0,1,3080,,,,,,0
JB002573,E,1,39,13,1,2172,0,0,0,,,,,,0
JB002574,E,0,24,17,1,3024,1,1,3570,2026-03-04,1,Orientation,West Center,4,1
JB002575,E,1,25,11,0,0,1,0,0,2026-03-07,1,Orientation,West Center,4,1
JB002575,E,1,25,11,0,0,1,0,0,2026-04-11,2,Skills workshop,West Center,6,1
JB002576,E,0,47,16,1,2427,1,1,3604,2026-03-18,1,Orientation,West Center,4,1
JB002576,E,0,47,16,1,2427,1,1,3604,2026-04-07,2,Skills workshop,West Center,6,1
JB002577,E,1,35,17,0,0,1,0,0,2026-03-21,1,Orientation,West Center,4,1
JB002578,E,0,38,13,0,0,1,1,2476,2026-03-21,1,Orientation,West Center,4,1
JB002578,E,0,38,13,0,0,1,1,2476,2026-04-16,2,Skills workshop,West Center,6,1
JB002578,E,0,38,13,0,0,1,1,2476,2026-05-03,3,Job placement,West Center,6,1
JB002579,E,1,24,12,1,1836,1,1,2925,2026-03-07,1,Orientation,West Center,4,1
JB002580,E,1,44,12,1,2209,0,1,2488,,,,,,0
JB002581,E,0,43,9,0,0,1,0,0,2026-03-21,1,Orientation,West Center,4,1
JB002582,E,0,50,10,0,0,0,1,2406,,,,,,0
JB002583,E,1,38,15,0,0,1,1,3653,2026-03-21,1,Orientation,West Center,4,1
JB002583,E,1,38,15,0,0,1,1,3653,2026-04-18,2,Skills workshop,West Center,6,1
JB002584,E,1,48,16,1,3061,0,0,0,,,,,,0
JB002585,E,1,45,13,0,0,1,0,0,2026-03-18,1,Orientation,West Center,4,1
JB002586,E,1,45,16,1,3137,0,0,0,,,,,,0
JB002587,E,0,42,16,0,0,0,1,3142,,,,,,0
JB002588,E,1,22,10,1,1516,1,0,0,2026-03-07,1,Orientation,West Center,4,1
JB002588,E,1,22,10,1,1516,1,0,0,2026-04-15,2,Skills workshop,West Center,6,1
JB002589,E,1,50,12,0,0,0,0,0,,,,,,0
JB002590,E,0,26,9,0,0,1,1,1693,2026-03-26,1,Orientation,West Center,4,1
JB002591,E,0,40,9,1,2192,1,1,2080,2026-03-22,1,Orientation,West Center,4,1
JB002592,E,1,31,13,1,2643,1,1,2979,2026-03-25,1,Orientation,West Center,4,1
JB002593,E,0,35,9,0,0,0,1,2754,,,,,,0
JB002594,E,1,22,10,0,0,1,1,1767,,,,,,0
JB002595,E,1,37,9,1,2199,1,0,0,2026-03-10,1,Orientation,West Center,4,1
JB002595,E,1,37,9,1,2199,1,0,0,2026-04-25,2,Skills workshop,West Center,6,1
JB002596,E,1,33,15,1,2228,0,0,0,,,,,,0
JB002597,E,0,45,17,1,3256,0,1,3295,,,,,,0
JB002598,E,0,20,18,1,2212,0,0,0,,,,,,0
JB002599,E,1,50,11,1,2574,0,1,2984,,,,,,0
JB002600,E,1,41,17,1,3314,0,0,0,,,,,,0
JB002601,E,0,41,16,1,3002,0,0,0,,,,,,0
JB002602,E,0,22,12,1,1985,1,0,0,2026-03-11,1,Orientation,West Center,4,1
JB002603,E,1,47,17,1,3427,0,1,3543,,,,,,0
JB002604,E,1,21,12,0,0,1,1,2496,2026-03-23,1,Orientation,West Center,4,1
JB002605,E,1,44,11,1,2259,1,1,2489,2026-03-25,1,Orientation,West Center,4,1
JB002606,E,1,50,10,0,0,1,0,0,2026-03-04,1,Orientation,West Center,4,1
JB002607,E,0,37,16,1,2319,1,0,0,2026-03-14,1,Orientation,West Center,4,1
JB002608,E,0,45,18,0,0,0,1,3042,,,,,,0
JB002609,E,1,54,17,1,3502,0,1,4193,,,,,,0
JB002610,E,0,21,17,1,2600,0,1,3120,,,,,,0
JB002611,E,0,41,17,1,2770,1,1,3794,2026-03-05,1,Orientation,West Center,4,1
JB002612,E,1,28,13,0,0,1,1,3105,2026-03-20,1,Orientation,West Center,4,1
JB002612,E,1,28,13,0,0,1,1,3105,2026-04-21,2,Skills workshop,West Center,6,1
JB002613,E,1,48,12,0,0,0,1,2396,2026-03-06,1,Orientation,West Center,4,1
JB002614,E,1,43,15,1,2257,0,1,2835,2026-03-13,1,Orientation,West Center,4,1
JB002615,E,1,20,18,1,2440,0,0,0,,,,,,0
JB002616,E,1,52,18,0,0,0,0,0,,,,,,0
JB002617,E,0,29,11,0,0,1,1,2452,2026-03-16,1,Orientation,West Center,4,1
JB002618,E,1,48,10,1,1994,1,0,0,2026-03-13,1,Orientation,West Center,4,1
JB002619,E,0,26,17,1,2644,1,1,3260,2026-03-19,1,Orientation,West Center,4,1
JB002620,E,0,27,11,1,2457,0,1,2379,,,,,,0
JB002621,E,1,32,15,1,2741,1,1,2670,2026-03-22,1,Orientation,West Center,4,1
JB002622,E,1,26,13,1,1749,1,1,2522,2026-03-23,1,Orientation,West Center,4,1
JB002623,E,0,54,10,1,1948,0,1,2617,,,,,,0
JB002624,E,1,51,14,1,2351,0,1,3057,,,,,,0
JB002625,E,1,38,10,0,0,0,1,2820,,,,,,0
JB002626,E,0,38,16,1,2318,1,1,3817,2026-03-16,1,Orientation,West Center,4,1
JB002627,E,0,21,10,0,0,1,1,2542,2026-03-18,1,Orientation,West Center,4,1
JB002628,E,1,54,18,0,0,0,1,3196,,,,,,0
JB002629,E,1,21,11,1,1934,0,1,2100,,,,,,0
JB002630,E,0,55,18,1,3605,0,1,4113,,,,,,0
JB002631,E,1,43,15,1,3190,1,0,0,2026-03-14,1,Orientation,West Center,4,1
JB002632,E,1,31,16,0,0,0,1,3160,,,,,,0
JB002633,E,1,26,11,0,0,0,1,2286,,,,,,0
JB002634,E,1,52,9,0,0,0,0,0,,,,,,0
JB002635,E,0,29,12,1,1898,0,0,0,,,,,,0
JB002636,E,0,25,14,1,2029,1,1,3118,2026-03-12,1,Orientation,West Center,4,1
JB002637,E,1,34,14,1,2374,0,0,0,,,,,,0
JB002638,E,1,43,17,0,0,0,1,3717,,,,,,0
JB002639,E,1,53,13,0,0,1,0,0,2026-03-26,1,Orientation,West Center,4,1
JB002640,E,0,45,15,0,0,1,0,0,2026-03-12,1,Orientation,West Center,4,1
JB002640,E,0,45,15,0,0,1,0,0,2026-04-15,2,Skills workshop,West Center,6,1
JB002641,E,0,43,13,1,2903,0,0,0,,,,,,0
JB002642,E,1,44,14,1,2247,1,0,0,2026-03-05,1,Orientation,West Center,4,1
JB002643,E,0,38,13,1,2682,0,0,0,,,,,,0
JB002644,E,1,25,9,0,0,1,1,2705,2026-03-03,1,Orientation,West Center,4,1
JB002645,E,1,35,10,1,2140,1,1,2182,2026-03-12,1,Orientation,West Center,4,1
JB002646,E,0,33,16,1,2675,1,1,2777,,,,,,0
JB002647,E,1,30,12,1,2265,0,0,0,,,,,,0
JB002648,E,0,39,14,0,0,1,1,3538,2026-03-05,1,Orientation,West Center,4,1
JB002649,E,1,39,16,0,0,1,0,0,2026-03-19,1,Orientation,West Center,4,1
JB002650,E,1,23,15,0,0,0,0,0,,,,,,0
JB002651,E,1,33,10,0,0,0,1,2756,,,,,,0
JB002652,E,1,28,13,0,0,0,1,2975,,,,,,0
JB002653,E,0,54,18,1,3537,1,1,4520,2026-03-23,1,Orientation,West Center,4,1
JB002654,E,0,44,12,0,0,0,1,2730,,,,,,0
JB002655,E,0,36,12,0,0,0,0,0,,,,,,0
JB002656,E,0,38,14,0,0,1,1,3500,2026-03-20,1,Orientation,West Center,4,1
JB002656,E,0,38,14,0,0,1,1,3500,2026-04-24,2,Skills workshop,West Center,6,1
JB002657,E,1,48,12,0,0,1,1,2899,2026-03-23,1,Orientation,West Center,4,1
JB002658,E,1,53,16,1,2799,0,1,3743,,,,,,0
JB002659,E,1,20,17,1,2619,0,0,0,,,,,,0
JB002660,E,0,33,16,1,2257,0,1,3263,,,,,,0
JB002661,E,0,43,14,1,2482,1,1,3280,,,,,,0
JB002662,E,0,31,16,1,2846,1,0,0,2026-03-06,1,Orientation,West Center,4,1
JB002663,E,0,41,10,0,0,1,0,0,2026-03-10,1,Orientation,West Center,4,1
JB002664,E,1,46,11,1,2558,0,1,2109,,,,,,0
JB002665,E,1,22,14,0,0,1,1,2547,2026-03-17,1,Orientation,West Center,4,1
JB002666,E,0,32,14,0,0,0,0,0,,,,,,0
JB002667,E,0,46,15,1,2322,0,0,0,,,,,,0
JB002668,E,0,51,16,1,2723,0,1,2882,,,,,,0
JB002669,E,1,28,11,1,2285,1,1,2315,2026-03-10,1,Orientation,West Center,4,1
JB002670,E,1,20,13,0,0,1,0,0,2026-03-21,1,Orientation,West Center,4,1
JB002671,E,0,42,10,1,1892,1,1,2758,2026-03-15,1,Orientation,West Center,4,1
JB002672,E,1,41,18,1,2518,0,0,0,,,,,,0
JB002673,E,1,27,15,0,0,1,1,3566,2026-03-03,1,Orientation,West Center,4,1
JB002673,E,1,27,15,0,0,1,1,3566,2026-04-24,2,Skills workshop,West Center,6,1
JB002674,E,0,23,9,1,1564,0,1,1389,,,,,,0
JB002675,E,0,40,12,1,2793,1,1,2724,2026-03-22,1,Orientation,West Center,4,1
JB002676,E,1,42,11,0,0,0,0,0,,,,,,0
JB002677,E,0,26,16,0,0,1,1,3368,2026-03-16,1,Orientation,West Center,4,1
JB002678,E,0,49,10,1,2044,0,0,0,,,,,,0
JB002679,E,0,42,13,0,0,0,0,0,,,,,,0
JB002680,E,1,38,12,0,0,0,0,0,,,,,,0
JB002681,E,0,25,13,1,1847,1,1,2871,,,,,,0
JB002682,E,1,48,9,1,1873,0,1,2685,,,,,,0
JB002683,E,1,46,14,1,2325,1,1,2822,2026-03-09,1,Orientation,West Center,4,1
JB002683,E,1,46,14,1,2325,1,1,2822,2026-04-15,2,Skills workshop,West Center,6,1
JB002684,E,0,33,16,0,0,0,1,3633,,,,,,0
JB002685,E,0,46,18,0,0,0,1,3487,,,,,,0
JB002686,E,1,23,11,0,0,0,1,2801,,,,,,0
JB002687,E,1,38,12,0,0,1,1,2392,2026-03-11,1,Orientation,West Center,4,1
JB002688,E,0,31,13,1,1952,1,1,2804,2026-03-16,1,Orientation,West Center,4,1
JB002689,E,0,25,12,0,0,0,1,2469,,,,,,0
JB002690,E,1,22,18,0,0,1,1,2712,2026-03-20,1,Orientation,West Center,4,1
JB002691,E,1,49,9,0,0,0,1,2837,,,,,,0
JB002692,E,0,27,18,1,2539,0,0,0,,,,,,0
JB002693,E,1,22,12,1,2488,0,0,0,,,,,,0
JB002694,E,1,38,15,1,3055,1,0,0,,,,,,0
JB002695,E,1,37,9,0,0,1,1,2104,2026-03-11,1,Orientation,West Center,4,1
JB002696,E,0,53,18,0,0,0,1,3594,,,,,,0
JB002697,E,0,25,9,0,0,1,1,2630,2026-03-14,1,Orientation,West Center,4,1
JB002698,E,1,55,17,0,0,1,1,3680,2026-03-15,1,Orientation,West Center,4,1
JB002698,E,1,55,17,0,0,1,1,3680,2026-04-16,2,Skills workshop,West Center,6,1
JB002699,E,0,32,14,0,0,1,1,3117,2026-03-07,1,Orientation,West Center,4,1
JB002700,E,1,38,14,0,0,0,1,3036,,,,,,0
JB002701,E,1,34,15,1,2293,1,1,2888,2026-03-22,1,Orientation,West Center,4,1
JB002702,E,0,30,15,1,2113,0,0,0,,,,,,0
JB002703,E,0,55,11,1,2882,0,0,0,,,,,,0
JB002704,E,0,30,10,0,0,1,1,2977,2026-03-07,1,Orientation,West Center,4,1
JB002704,E,0,30,10,0,0,1,1,2977,2026-04-15,2,Skills workshop,West Center,6,1
JB002705,E,1,53,10,0,0,1,0,0,2026-03-13,1,Orientation,West Center,4,1
JB002706,E,0,40,10,1,2354,1,1,2971,2026-03-18,1,Orientation,West Center,4,1
JB002707,E,1,54,16,1,3339,1,1,3232,2026-03-25,1,Orientation,West Center,4,1
JB002708,E,1,47,14,0,0,1,1,3834,2026-03-05,1,Orientation,West Center,4,1
JB002709,E,0,43,9,0,0,0,0,0,,,,,,0
JB002710,E,1,38,18,1,3255,0,1,2949,,,,,,0
JB002711,E,0,43,17,1,3247,1,0,0,2026-03-09,1,Orientation,West Center,4,1
JB002711,E,0,43,17,1,3247,1,0,0,2026-04-25,2,Skills workshop,West Center,6,1
JB002711,E,0,43,17,1,3247,1,0,0,2026-05-16,3,Job placement,West Center,6,1
JB002712,E,1,49,9,1,2112,1,1,2799,2026-03-14,1,Orientation,West Center,4,1
JB002713,E,1,45,17,1,3133,1,1,3081,2026-03-09,1,Orientation,West Center,4,1
JB002714,E,0,37,9,1,1754,1,0,0,2026-03-06,1,Orientation,West Center,4,1
JB002715,E,1,48,17,1,2960,0,1,3070,,,,,,0
JB002716,E,1,55,13,1,2426,0,1,2639,,,,,,0
JB002717,E,0,31,16,1,2699,1,0,0,2026-03-24,1,Orientation,West Center,4,1
JB002718,E,1,39,17,1,3208,1,1,3153,2026-03-11,1,Orientation,West Center,4,1
JB002719,E,0,32,13,0,0,0,0,0,,,,,,0
JB002720,E,0,38,18,0,0,0,0,0,,,,,,0
JB002721,E,1,42,11,0,0,1,0,0,2026-03-12,1,Orientation,West Center,4,1
JB002722,E,0,43,11,1,2373,0,0,0,,,,,,0
JB002723,E,1,29,10,1,2314,1,1,2612,2026-03-16,1,Orientation,West Center,4,1
JB002723,E,1,29,10,1,2314,1,1,2612,2026-04-22,2,Skills workshop,West Center,6,1
JB002724,E,1,50,18,0,0,0,1,4254,,,,,,0
JB002725,E,1,35,11,0,0,1,1,3192,2026-03-08,1,Orientation,West Center,4,1
JB002726,E,0,55,10,1,1829,0,0,0,,,,,,0
JB002727,E,1,40,16,0,0,0,0,0,,,,,,0
JB002728,E,0,35,16,1,2459,0,1,3329,,,,,,0
JB002729,E,0,42,10,1,2533,0,1,2476,,,,,,0
JB002730,E,0,26,16,0,0,1,0,0,2026-03-15,1,Orientation,West Center,4,1
JB002731,E,1,49,13,0,0,1,1,2695,2026-03-20,1,Orientation,West Center,4,1
JB002732,E,0,37,10,0,0,0,1,2147,,,,,,0
JB002733,E,1,31,12,1,2658,1,1,2103,2026-03-25,1,Orientation,West Center,4,1
JB002734,E,1,39,9,0,0,0,1,1790,,,,,,0
JB002735,E,1,36,11,0,0,0,1,2433,,,,,,0
JB002736,E,0,48,16,1,2485,1,1,3978,2026-03-10,1,Orientation,West Center,4,1
JB002737,E,1,27,13,0,0,0,1,2887,,,,,,0
JB002738,E,1,27,10,1,1831,0,1,2564,,,,,,0
JB002739,E,0,32,10,1,1585,0,1,1748,,,,,,0
JB002740,E,1,27,17,0,0,1,1,3544,2026-03-15,1,Orientation,West Center,4,1
JB002741,E,0,39,14,0,0,0,1,3237,,,,,,0
JB002742,E,1,19,14,1,2188,1,0,0,2026-03-25,1,Orientation,West Center,4,1
JB002743,E,1,35,9,0,0,0,1,2075,,,,,,0
JB002744,E,0,33,14,0,0,0,0,0,,,,,,0
JB002745,E,0,22,16,1,2819,0,1,3407,,,,,,0
JB002746,E,0,51,14,1,2702,1,1,3377,2026-03-26,1,Orientation,West Center,4,1
JB002746,E,0,51,14,1,2702,1,1,3377,2026-04-11,2,Skills workshop,West Center,6,1
JB002747,E,0,24,17,0,0,0,0,0,,,,,,0
JB002748,E,0,20,13,0,0,1,1,2555,2026-03-03,1,Orientation,West Center,4,1
JB002748,E,0,20,13,0,0,1,1,2555,2026-04-15,2,Skills workshop,West Center,6,1
JB002748,E,0,20,13,0,0,1,1,2555,2026-05-12,3,Job placement,West Center,6,1
JB002749,E,0,44,18,1,2891,1,1,4249,2026-03-03,1,Orientation,West Center,4,1
JB002750,E,1,43,12,0,0,0,1,2541,,,,,,0
JB002751,E,1,45,18,1,2681,1,1,4335,2026-03-16,1,Orientation,West Center,4,1
JB002752,E,1,33,12,0,0,1,1,3284,2026-03-15,1,Orientation,West Center,4,1
JB002753,E,1,24,10,1,1817,0,1,2303,,,,,,0
JB002754,E,1,29,9,1,1608,1,1,2230,2026-03-21,1,Orientation,West Center,4,1
JB002755,E,0,20,12,0,0,0,1,2758,,,,,,0
JB002756,E,0,52,12,0,0,0,0,0,,,,,,0
JB002757,E,0,45,9,0,0,0,1,2190,,,,,,0
JB002758,E,1,47,18,1,2755,0,0,0,,,,,,0
JB002759,E,0,43,9,0,0,1,1,2220,2026-03-11,1,Orientation,West Center,4,1
JB002759,E,0,43,9,0,0,1,1,2220,2026-04-13,2,Skills workshop,West Center,6,1
JB002760,E,1,38,13,0,0,1,1,2407,2026-03-16,1,Orientation,West Center,4,1
JB002761,E,1,27,18,1,3175,1,0,0,2026-03-20,1,Orientation,West Center,4,1
JB002762,E,1,33,13,1,2795,0,1,2258,,,,,,0
JB002763,E,0,48,11,1,2790,0,1,3315,,,,,,0
JB002764,E,1,48,11,1,1973,1,0,0,2026-03-19,1,Orientation,West Center,4,1
JB002765,E,1,28,14,1,1861,1,1,3231,2026-03-20,1,Orientation,West Center,4,1
JB002766,E,1,27,14,0,0,0,1,2698,2026-03-21,1,Orientation,West Center,4,1
JB002767,E,1,38,14,1,2676,0,0,0,,,,,,0
JB002768,E,0,22,16,0,0,1,1,3202,2026-03-21,1,Orientation,West Center,4,1
JB002769,E,1,35,15,1,2830,0,1,3135,,,,,,0
JB002770,E,1,20,15,1,2135,0,1,2731,,,,,,0
JB002771,E,0,47,14,0,0,0,1,3091,,,,,,0
JB002772,E,1,27,10,1,1631,1,1,1915,2026-03-17,1,Orientation,West Center,4,1
JB002772,E,1,27,10,1,1631,1,1,1915,2026-04-19,2,Skills workshop,West Center,6,1
JB002773,E,0,35,12,1,2226,1,1,2880,2026-03-15,1,Orientation,West Center,4,1
JB002773,E,0,35,12,1,2226,1,1,2880,2026-04-06,2,Skills workshop,West Center,6,1
JB002773,E,0,35,12,1,2226,1,1,2880,2026-05-12,3,Job placement,West Center,6,1
JB002774,E,0,55,15,1,2568,0,1,3369,,,,,,0
JB002775,E,0,25,14,1,2779,0,0,0,,,,,,0
JB002776,E,1,19,10,1,2201,1,1,2231,2026-03-26,1,Orientation,West Center,4,1
JB002776,E,1,19,10,1,2201,1,1,2231,2026-04-07,2,Skills workshop,West Center,6,1
JB002777,E,0,36,12,1,2550,0,1,2793,,,,,,0
JB002778,E,0,33,9,0,0,1,1,1924,2026-03-13,1,Orientation,West Center,4,1
JB002778,E,0,33,9,0,0,1,1,1924,2026-04-18,2,Skills workshop,West Center,6,1
JB002779,E,1,45,11,1,2655,0,0,0,,,,,,0
JB002780,E,1,31,10,0,0,0,0,0,,,,,,0
JB002781,E,0,49,12,1,2419,0,1,2330,,,,,,0
JB002782,E,1,35,15,1,2796,1,1,3558,2026-03-20,1,Orientation,West Center,4,1
JB002783,E,1,23,17,1,3084,1,0,0,,,,,,0
JB002784,E,1,33,16,1,2260,1,1,2973,2026-03-04,1,Orientation,West Center,4,1
JB002785,E,0,33,16,1,2238,1,1,2897,2026-03-12,1,Orientation,West Center,4,1
JB002786,E,1,26,17,1,2256,1,1,3726,,,,,,0
JB002787,E,1,29,12,0,0,0,0,0,,,,,,0
JB002788,E,1,36,14,0,0,1,1,3020,2026-03-10,1,Orientation,West Center,4,1
JB002789,E,0,40,16,1,2508,1,1,3255,2026-03-18,1,Orientation,West Center,4,1
JB002790,E,0,33,10,0,0,0,1,1716,,,,,,0
JB002791,E,1,51,14,1,2785,0,0,0,,,,,,0
JB002792,E,0,20,12,0,0,1,1,2020,2026-03-21,1,Orientation,West Center,4,1
JB002792,E,0,20,12,0,0,1,1,2020,2026-04-15,2,Skills workshop,West Center,6,1
JB002792,E,0,20,12,0,0,1,1,2020,2026-05-12,3,Job placement,West Center,6,1
JB002793,E,1,49,13,1,2394,0,1,3529,,,,,,0
JB002794,E,1,31,17,1,2644,0,1,3427,,,,,,0
JB002795,E,1,29,11,0,0,1,1,2535,2026-03-25,1,Orientation,West Center,4,1
JB002796,E,0,50,9,0,0,0,1,2341,2026-03-21,1,Orientation,West Center,4,1
JB002797,E,1,40,16,1,2363,1,1,3910,2026-03-08,1,Orientation,West Center,4,1
JB002797,E,1,40,16,1,2363,1,1,3910,2026-04-22,2,Skills workshop,West Center,6,1
JB002797,E,1,40,16,1,2363,1,1,3910,2026-05-13,3,Job placement,West Center,6,1
JB002798,E,1,39,18,0,0,0,1,3584,,,,,,0
JB002799,E,0,37,11,0,0,1,1,2237,2026-03-26,1,Orientation,West Center,4,1
JB002800,E,1,30,12,1,1788,1,1,2668,2026-03-26,1,Orientation,West Center,4,1
JB002801,E,1,45,11,0,0,0,1,2677,,,,,,0
JB002802,E,0,20,15,0,0,0,0,0,,,,,,0
JB002803,E,1,51,9,0,0,0,1,2298,,,,,,0
JB002804,E,1,27,18,0,0,1,1,3470,,,,,,0
JB002805,E,0,31,16,1,2489,1,1,3794,2026-03-05,1,Orientation,West Center,4,1
JB002805,E,0,31,16,1,2489,1,1,3794,2026-04-16,2,Skills workshop,West Center,6,1
JB002806,E,0,33,17,1,2481,1,1,3638,,,,,,0
JB002807,E,1,27,12,1,1711,1,0,0,2026-03-03,1,Orientation,West Center,4,1
JB002808,E,1,42,12,1,1937,1,1,3429,2026-03-13,1,Orientation,West Center,4,1
JB002809,E,1,52,15,0,0,0,0,0,,,,,,0
JB002810,E,0,25,12,1,2377,1,1,2112,2026-03-21,1,Orientation,West Center,4,1
JB002810,E,0,25,12,1,2377,1,1,2112,2026-04-17,2,Skills workshop,West Center,6,1
JB002811,E,1,25,11,0,0,1,0,0,2026-03-16,1,Orientation,West Center,4,1
JB002812,E,1,44,17,1,3070,0,1,3839,,,,,,0
JB002813,E,0,27,10,0,0,1,1,2265,2026-03-07,1,Orientation,West Center,4,1
JB002814,E,0,52,11,1,2237,1,1,3060,2026-03-06,1,Orientation,West Center,4,1
JB002815,E,1,39,13,0,0,0,1,2701,,,,,,0
JB002816,E,1,39,17,0,0,0,0,0,2026-03-03,1,Orientation,West Center,4,1
JB002817,E,0,45,16,1,3053,1,1,2997,2026-03-16,1,Orientation,West Center,4,1
JB002817,E,0,45,16,1,3053,1,1,2997,2026-04-16,2,Skills workshop,West Center,6,1
JB002818,E,1,43,14,1,2990,1,0,0,2026-03-14,1,Orientation,West Center,4,1
JB002818,E,1,43,14,1,2990,1,0,0,2026-04-10,2,Skills workshop,West Center,6,1
JB002818,E,1,43,14,1,2990,1,0,0,2026-05-07,3,Job placement,West Center,6,1
JB002819,E,1,24,13,1,1736,0,1,2515,,,,,,0
JB002820,E,1,46,13,0,0,1,1,3180,2026-03-16,1,Orientation,West Center,4,1
JB002821,E,0,36,17,1,2792,0,1,2888,,,,,,0
JB002822,E,0,45,9,1,1818,0,0,0,,,,,,0
JB002823,E,1,39,17,1,2868,1,1,3805,2026-03-05,1,Orientation,West Center,4,1
JB002823,E,1,39,17,1,2868,1,1,3805,2026-04-20,2,Skills workshop,West Center,6,1
JB002824,E,0,32,14,0,0,0,1,2277,,,,,,0
JB002825,E,1,30,18,1,3039,0,0,0,,,,,,0
JB002826,E,1,22,14,1,2251,0,1,3076,,,,,,0
JB002827,E,0,19,17,1,2135,1,0,0,2026-03-11,1,Orientation,West Center,4,1
JB002827,E,0,19,17,1,2135,1,0,0,2026-04-19,2,Skills workshop,West Center,6,1
JB002828,E,1,33,11,1,2001,1,1,2204,2026-03-05,1,Orientation,West Center,4,1
JB002828,E,1,33,11,1,2001,1,1,2204,2026-04-19,2,Skills workshop,West Center,6,1
JB002829,E,0,40,16,1,2435,1,1,3537,2026-03-17,1,Orientation,West Center,4,1
JB002830,E,0,53,10,0,0,1,0,0,,,,,,0
JB002831,E,1,51,12,0,0,0,0,0,,,,,,0
JB002832,E,0,43,11,0,0,1,1,2801,,,,,,0
JB002833,E,1,36,12,1,2716,0,1,3071,,,,,,0
JB002834,E,0,19,18,1,3020,0,0,0,,,,,,0
JB002835,E,1,19,11,1,1745,0,0,0,,,,,,0
JB002836,E,1,31,11,0,0,0,1,2622,,,,,,0
JB002837,E,0,40,18,1,3378,0,1,4018,,,,,,0
JB002838,E,1,36,13,0,0,0,0,0,,,,,,0
JB002839,E,1,33,12,1,1711,0,0,0,,,,,,0
JB002840,E,0,41,15,0,0,0,1,3609,,,,,,0
JB002841,E,1,26,14,1,2612,0,1,2278,,,,,,0
JB002842,E,1,44,17,1,2452,1,1,4092,2026-03-24,1,Orientation,West Center,4,1
JB002843,E,1,54,11,1,2125,0,1,2363,,,,,,0
JB002844,E,0,24,12,0,0,1,1,2160,2026-03-23,1,Orientation,West Center,4,1
JB002844,E,0,24,12,0,0,1,1,2160,2026-04-11,2,Skills workshop,West Center,6,1
JB002845,E,0,23,12,1,1809,1,1,2372,2026-03-09,1,Orientation,West Center,4,1
JB002846,E,0,29,16,0,0,0,1,3186,,,,,,0
JB002847,E,0,24,18,1,2866,0,1,2564,,,,,,0
JB002848,E,0,22,12,0,0,0,1,2250,,,,,,0
JB002849,E,0,41,16,1,2379,1,1,3891,2026-03-20,1,Orientation,West Center,4,1
JB002849,E,0,41,16,1,2379,1,1,3891,2026-04-04,2,Skills workshop,West Center,6,1
JB002850,E,0,23,15,1,2071,0,1,3138,,,,,,0
JB002851,E,1,20,13,0,0,1,0,0,2026-03-08,1,Orientation,West Center,4,1
JB002852,E,1,27,10,0,0,0,1,1904,,,,,,0
JB002853,E,0,21,9,1,1954,0,0,0,,,,,,0
JB002854,E,0,53,11,1,2355,0,0,0,,,,,,0
JB002855,E,0,20,18,0,0,1,1,3551,,,,,,0
JB002856,E,0,45,12,0,0,1,1,3212,2026-03-20,1,Orientation,West Center,4,1
JB002856,E,0,45,12,0,0,1,1,3212,2026-04-03,2,Skills workshop,West Center,6,1
JB002857,E,1,24,14,1,2160,0,1,3042,,,,,,0
JB002858,E,0,49,17,0,0,1,0,0,2026-03-04,1,Orientation,West Center,4,1
JB002859,E,1,25,9,1,1800,0,1,1492,,,,,,0
JB002860,E,1,24,14,1,1899,1,1,2444,2026-03-21,1,Orientation,West Center,4,1
JB002861,E,1,43,18,1,3371,1,1,3857,2026-03-21,1,Orientation,West Center,4,1
JB002862,E,1,34,9,1,1755,1,0,0,2026-03-05,1,Orientation,West Center,4,1
JB002863,E,1,20,11,1,1477,1,1,1955,2026-03-20,1,Orientation,West Center,4,1
JB002864,E,1,54,14,1,2581,1,1,3537,2026-03-25,1,Orientation,West Center,4,1
JB002864,E,1,54,14,1,2581,1,1,3537,2026-04-03,2,Skills workshop,West Center,6,1
JB002865,E,1,44,12,1,2221,1,0,0,2026-03-06,1,Orientation,West Center,4,1
JB002866,E,1,24,10,1,2245,1,0,0,2026-03-20,1,Orientation,West Center,4,1
JB002867,E,1,35,12,0,0,1,0,0,2026-03-18,1,Orientation,West Center,4,1
JB002868,E,0,51,15,0,0,1,1,4005,2026-03-25,1,Orientation,West Center,4,1
JB002869,E,1,24,14,1,2243,1,1,2412,2026-03-09,1,Orientation,West Center,4,1
JB002870,E,1,43,10,0,0,0,0,0,,,,,,0
JB002871,E,1,24,16,0,0,1,1,2489,2026-03-13,1,Orientation,West Center,4,1
JB002871,E,1,24,16,0,0,1,1,2489,2026-04-07,2,Skills workshop,West Center,6,1
JB002872,E,1,21,11,1,1909,1,1,2832,2026-03-14,1,Orientation,West Center,4,1
JB002872,E,1,21,11,1,1909,1,1,2832,2026-04-24,2,Skills workshop,West Center,6,1
JB002873,E,1,44,16,1,2606,1,1,3196,2026-03-03,1,Orientation,West Center,4,1
JB002874,E,0,50,9,1,2001,1,0,0,2026-03-18,1,Orientation,West Center,4,1
JB002875,E,1,40,14,1,2897,0,0,0,,,,,,0
JB002876,E,1,32,13,0,0,1,0,0,2026-03-12,1,Orientation,West Center,4,1
JB002877,E,0,38,10,1,2362,0,1,2614,,,,,,0
JB002878,E,1,40,15,1,3025,1,0,0,2026-03-25,1,Orientation,West Center,4,1
JB002879,E,0,54,12,1,2868,1,1,2675,2026-03-21,1,Orientation,West Center,4,1
JB002880,E,1,47,14,0,0,1,1,2898,2026-03-18,1,Orientation,West Center,4,1
JB002881,E,1,34,9,1,2212,0,1,2352,2026-03-24,1,Orientation,West Center,4,1
JB002882,E,1,35,10,0,0,0,1,1960,,,,,,0
JB002883,E,0,50,18,0,0,1,1,3348,2026-03-07,1,Orientation,West Center,4,1
JB002884,E,0,20,17,0,0,1,1,2649,,,,,,0
JB002885,E,1,24,14,0,0,1,0,0,2026-03-13,1,Orientation,West Center,4,1
JB002886,E,1,38,18,1,3038,0,0,0,,,,,,0
JB002887,E,0,32,16,1,2358,1,1,2742,2026-03-24,1,Orientation,West Center,4,1
JB002888,E,1,37,11,0,0,1,1,2671,2026-03-24,1,Orientation,West Center,4,1
JB002889,E,1,28,9,0,0,1,1,2657,2026-03-19,1,Orientation,West Center,4,1
JB002890,E,1,45,9,1,2482,0,1,1974,,,,,,0
JB002891,E,1,42,14,1,2551,1,1,3756,2026-03-19,1,Orientation,West Center,4,1
JB002892,E,1,51,11,1,1925,0,0,0,,,,,,0
JB002893,E,0,29,12,0,0,0,1,2955,,,,,,0
JB002894,E,0,19,15,1,2528,0,1,3252,,,,,,0
JB002895,E,0,45,11,1,2751,1,0,0,2026-03-05,1,Orientation,West Center,4,1
JB002896,E,0,22,9,0,0,1,1,1575,,,,,,0
JB002897,E,0,23,11,0,0,1,1,2321,2026-03-22,1,Orientation,West Center,4,1
JB002898,E,1,52,11,0,0,1,1,2783,2026-03-24,1,Orientation,West Center,4,1
JB002899,E,1,26,14,0,0,0,1,2631,,,,,,0
JB002900,E,0,38,16,1,3038,1,1,3025,2026-03-07,1,Orientation,West Center,4,1
JB002901,E,0,55,13,0,0,1,1,3273,2026-03-19,1,Orientation,West Center,4,1
JB002902,E,1,48,13,1,3009,1,0,0,2026-03-12,1,Orientation,West Center,4,1
JB002903,E,1,24,15,0,0,0,0,0,,,,,,0
JB002904,E,0,45,15,1,3212,0,1,3478,,,,,,0
JB002905,E,1,35,13,0,0,0,1,2853,,,,,,0
JB002906,E,0,41,9,1,2427,1,0,0,2026-03-23,1,Orientation,West Center,4,1
JB002907,E,0,33,14,1,2096,0,1,2949,,,,,,0
JB002908,E,0,54,10,1,2599,1,1,2758,2026-03-06,1,Orientation,West Center,4,1
JB002909,E,0,32,11,1,1613,0,0,0,,,,,,0
JB002910,E,0,24,11,1,2140,1,1,2361,2026-03-06,1,Orientation,West Center,4,1
JB002911,E,0,19,14,1,2359,0,1,2631,,,,,,0
JB002912,E,1,48,18,1,3018,0,0,0,,,,,,0
JB002913,E,0,45,15,0,0,0,1,3101,2026-03-23,1,Orientation,West Center,4,1
JB002914,E,1,20,18,0,0,1,1,3567,2026-03-23,1,Orientation,West Center,4,1
JB002914,E,1,20,18,0,0,1,1,3567,2026-04-08,2,Skills workshop,West Center,6,1
JB002915,E,1,36,17,0,0,0,0,0,,,,,,0
JB002916,E,1,48,17,1,2796,0,1,3745,,,,,,0
JB002917,E,0,47,16,1,3004,1,1,3333,2026-03-05,1,Orientation,West Center,4,1
JB002918,E,0,47,17,1,3273,1,1,4135,2026-03-22,1,Orientation,West Center,4,1
JB002919,E,1,23,13,0,0,1,1,2590,2026-03-25,1,Orientation,West Center,4,1
JB002920,E,0,33,18,1,2781,1,0,0,2026-03-12,1,Orientation,West Center,4,1
JB002921,E,0,43,17,1,2754,0,0,0,,,,,,0
JB002922,E,0,36,14,1,2557,1,1,3209,2026-03-11,1,Orientation,West Center,4,1
JB002922,E,0,36,14,1,2557,1,1,3209,2026-04-17,2,Skills workshop,West Center,6,1
JB002923,E,0,23,17,0,0,0,0,0,,,,,,0
JB002924,E,1,30,14,1,1970,0,1,2495,2026-03-17,1,Orientation,West Center,4,1
JB002925,E,0,50,11,0,0,1,1,3183,2026-03-06,1,Orientation,West Center,4,1
JB002926,E,0,22,15,0,0,0,1,2402,,,,,,0
JB002927,E,0,25,18,0,0,1,0,0,2026-03-07,1,Orientation,West Center,4,1
JB002928,E,0,45,17,1,2600,1,0,0,2026-03-24,1,Orientation,West Center,4,1
JB002929,E,1,25,12,0,0,1,0,0,2026-03-25,1,Orientation,West Center,4,1
JB002930,E,1,19,15,1,2557,0,0,0,,,,,,0
JB002931,E,1,34,9,0,0,1,1,2648,2026-03-09,1,Orientation,West Center,4,1
JB002932,E,1,23,14,1,2208,0,1,3179,,,,,,0
JB002933,E,1,20,12,0,0,0,1,2593,,,,,,0
JB002934,E,0,44,11,0,0,1,1,2470,2026-03-21,1,Orientation,West Center,4,1
JB002934,E,0,44,11,0,0,1,1,2470,2026-04-09,2,Skills workshop,West Center,6,1
JB002934,E,0,44,11,0,0,1,1,2470,2026-05-13,3,Job placement,West Center,6,1
JB002935,E,0,50,15,0,0,1,1,3041,2026-03-22,1,Orientation,West Center,4,1
JB002936,E,1,47,16,0,0,1,0,0,2026-03-20,1,Orientation,West Center,4,1
JB002937,E,0,47,11,1,2376,0,0,0,,,,,,0
JB002938,E,0,53,10,1,2231,1,1,2726,2026-03-10,1,Orientation,West Center,4,1
JB002939,E,0,25,16,1,2824,1,1,2523,2026-03-14,1,Orientation,West Center,4,1
JB002940,E,0,22,10,1,1970,0,1,2621,2026-03-20,1,Orientation,West Center,4,1
JB002941,E,0,44,16,0,0,0,1,3601,,,,,,0
JB002942,E,1,22,16,1,2964,0,1,2254,,,,,,0
JB002943,E,1,49,11,1,2480,1,0,0,2026-03-09,1,Orientation,West Center,4,1
JB002944,E,1,34,11,0,0,0,0,0,,,,,,0
JB002945,E,1,54,10,0,0,0,0,0,,,,,,0
JB002946,E,1,53,17,1,3516,0,1,3756,2026-03-17,1,Orientation,West Center,4,1
JB002947,E,0,30,13,1,2136,1,0,0,2026-03-17,1,Orientation,West Center,4,1
JB002948,E,1,27,9,1,2248,1,1,2173,2026-03-18,1,Orientation,West Center,4,1
JB002949,E,1,38,13,1,2629,0,1,2208,,,,,,0
JB002950,E,0,19,14,0,0,0,0,0,,,,,,0
JB002951,E,1,32,17,1,3217,1,1,3366,2026-03-17,1,Orientation,West Center,4,1
JB002952,E,1,38,14,0,0,0,1,3249,,,,,,0
JB002953,E,0,22,10,0,0,0,0,0,,,,,,0
JB002954,E,1,36,12,0,0,1,0,0,2026-03-20,1,Orientation,West Center,4,1
JB002955,E,0,35,12,1,2064,0,0,0,,,,,,0
JB002956,E,0,31,15,0,0,0,1,2444,,,,,,0
JB002957,E,1,30,17,1,2433,0,1,2790,,,,,,0
JB002958,E,1,54,16,0,0,0,0,0,,,,,,0
JB002959,E,0,26,17,1,3082,1,1,3368,2026-03-24,1,Orientation,West Center,4,1
JB002960,E,1,53,14,1,2725,1,1,3428,2026-03-20,1,Orientation,West Center,4,1
JB002961,E,1,25,16,0,0,1,0,0,2026-03-07,1,Orientation,West Center,4,1
JB002962,E,0,21,9,1,1733,0,1,2508,,,,,,0
JB002963,E,1,34,15,0,0,0,1,3065,,,,,,0
JB002964,E,0,19,18,0,0,1,0,0,2026-03-22,1,Orientation,West Center,4,1
JB002965,E,1,36,10,0,0,0,1,2857,,,,,,0
JB002966,E,0,50,16,0,0,0,0,0,,,,,,0
JB002967,E,0,26,16,1,2356,0,1,2436,,,,,,0
JB002968,E,0,55,16,1,2593,1,1,3204,2026-03-24,1,Orientation,West Center,4,1
JB002969,E,1,52,11,1,2335,1,1,3428,2026-03-09,1,Orientation,West Center,4,1
JB002970,E,0,28,11,1,1627,1,1,2848,2026-03-11,1,Orientation,West Center,4,1
JB002971,E,0,26,9,0,0,1,1,2408,2026-03-13,1,Orientation,West Center,4,1
JB002972,E,0,33,14,1,2491,0,1,2440,,,,,,0
JB002973,E,0,45,10,0,0,1,0,0,2026-03-20,1,Orientation,West Center,4,1
JB002973,E,0,45,10,0,0,1,0,0,2026-04-19,2,Skills workshop,West Center,6,1
JB002974,E,0,39,10,1,2450,1,1,2644,2026-03-19,1,Orientation,West Center,4,1
JB002975,E,1,30,17,1,2331,1,1,3666,2026-03-25,1,Orientation,West Center,4,1
JB002976,E,1,23,17,0,0,1,0,0,2026-03-14,1,Orientation,West Center,4,1
JB002977,E,0,30,13,0,0,1,1,3047,2026-03-08,1,Orientation,West Center,4,1
JB002978,E,0,36,12,1,2074,1,1,2902,2026-03-26,1,Orientation,West Center,4,1
JB002979,E,0,53,15,0,0,0,1,3609,,,,,,0
JB002980,E,1,19,10,0,0,1,0,0,2026-03-06,1,Orientation,West Center,4,1
JB002981,E,0,51,15,0,0,1,0,0,2026-03-19,1,Orientation,West Center,4,1
JB002982,E,0,25,11,0,0,0,1,2363,,,,,,0
JB002983,E,1,36,13,0,0,1,1,3415,2026-03-06,1,Orientation,West Center,4,1
JB002984,E,1,39,13,1,2640,0,0,0,,,,,,0
JB002985,E,0,50,11,0,0,1,1,2769,2026-03-19,1,Orientation,West Center,4,1
JB002985,E,0,50,11,0,0,1,1,2769,2026-04-17,2,Skills workshop,West Center,6,1
JB002986,E,1,50,16,0,0,0,1,3769,,,,,,0
JB002987,E,1,20,10,0,0,1,1,2078,2026-03-14,1,Orientation,West Center,4,1
JB002988,E,0,40,10,0,0,0,0,0,,,,,,0
JB002989,E,0,46,12,0,0,0,0,0,,,,,,0
JB002990,E,1,24,15,0,0,1,1,2901,,,,,,0
JB002991,E,1,19,12,1,1975,0,1,2801,,,,,,0
JB002992,E,0,20,13,1,2330,0,1,2904,,,,,,0
JB002993,E,1,53,10,1,2358,0,1,3022,,,,,,0
JB002994,E,1,20,15,1,2072,0,1,2969,,,,,,0
JB002995,E,1,36,16,0,0,0,1,2638,,,,,,0
JB002996,E,1,37,14,0,0,0,1,3044,,,,,,0
JB002997,E,1,44,11,1,2255,1,0,0,2026-03-06,1,Orientation,West Center,4,1
JB002998,E,1,48,13,0,0,1,1,3713,2026-03-15,1,Orientation,West Center,4,1
JB002998,E,1,48,13,0,0,1,1,3713,2026-04-23,2,Skills workshop,West Center,6,1
JB002999,E,0,53,15,1,2559,0,0,0,,,,,,0
JB003000,E,1,51,14,1,3044,0,1,3333,,,,,,0
